Workbook

Sheet Dữ liệu thô
A1: Mã đơn hàng | B1: Ngày đặt hàng | C1: Mã KH | D1: Tên khách hàng | E1: Phân khúc | F1: Khu vực | G1: Tỉnh/Thành | H1: Danh mục | I1: Sản phẩm | J1: Kênh bán | K1: Nhân viên bán hàng | L1: Số lượng | M1: Đơn giá (VNĐ) | N1: Giảm giá | O1: Giá vốn đơn vị (VNĐ) | P1: Trạng thái | R1: Chú thích màu
A2: DH2025-0001 | B2: 05/01/2025 | C2: KH040 | D2: Bùi Minh An | E2: Cá nhân | F2: Miền Bắc | G2: Quảng Ninh | H2: Mỹ phẩm | I2: Serum Vitamin C | J2: Website | K2: Trần Quốc Bảo | L2: 2 | M2: 588000 | N2: 0.15 | O2: 260000 | P2: Hoàn thành | R2: Ô vàng: ô có lỗi định dạng / thiếu giá trị
A3: DH2025-0002 | B3: 45666 | C3: KH040 | D3: Bùi Minh An | E3: Cá nhân | F3: Miền Bắc | G3: Quảng Ninh | H3: Mỹ phẩm | I3: Son lì | J3: Website | K3: Phạm Đức Huy | L3: 3 | M3: 290000 | N3: 0.1 | O3: 120000 | P3: Hoàn thành | R3: Dòng đỏ: dòng bị nhân đôi (trùng Mã đơn hàng)
A4: DH2025-0003 | B4: 45667 | C4: KH046 | D4: Phan Minh Khoa | E4: Cá nhân | F4: Miền Bắc | G4: Quảng Ninh | H4: Điện tử | I4: Tai nghe Bluetooth | J4: Sàn TMĐT | K4: Lê Thu Hà | L4: 1 | M4: 892000 | N4: 0.2 | O4: 520000 | P4: Hoàn trả | R4: Dữ liệu mô phỏng, được cố ý chèn lỗi để minh họa bước làm sạch.
A5: DH2025-0004 | B5: 45669 | C5: KH043 | D5: Phạm Hoàng Giang | E5: Cá nhân | F5: Miền Trung | G5: Huế | H5: Gia dụng | I5: Ấm siêu tốc | J5: Sàn TMĐT | K5: Trần Quốc Bảo | L5: 1 | M5: 520000 | N5: 0 | O5: 310000 | P5: Hoàn thành
A6: DH2025-0005 | B6: 45670 | C6: KH008 | D6: Hoàng Đức Trang | E6: Cá nhân | F6: Miền Nam | G6: Bình Dương | H6: Thực phẩm | I6: Trà thảo mộc hộp | J6: Cửa hàng | K6: Trần Quốc Bảo | L6: 1 | M6: 200000 | N6: 0 | O6: 120000 | P6: Hoàn thành
A7: DH2025-0006 | B7: 45674 | C7: KH008 | D7: Hoàng Đức Trang | E7: Cá nhân | F7: Miền Nam | G7: Bình Dương | H7: Điện tử | I7: Loa thông minh | J7: Website | K7: Nguyễn Minh Anh | L7: 1 | M7: 1900000 | N7: 0 | O7: 1200000 | P7: Hoàn thành
A8: DH2025-0007 | B8: 45676 | C8: KH051 | D8: Đỗ Minh Long | E8: Cá nhân | F8: Miền Bắc | G8: Bắc Ninh | H8: Thực phẩm | I8: Hạt dinh dưỡng mix | J8: Website | K8: Bùi Thanh Tùng | L8: 1 | M8: 340000 | N8: 0 | O8: 220000 | P8: Hoàn thành
A9: DH2025-0008 | B9: 45676 | C9: KH048 | D9: Phạm Thị Quân | E9: Cá nhân | F9: Miền Bắc | G9: Hải Phòng | H9: Thực phẩm | I9: Cà phê rang xay 1kg | J9: Cửa hàng | K9: Võ Ngọc Lan | L9: 1 | M9: 380000 | N9: 0.05 | O9: 250000 | P9: Hoàn thành
A10: DH2025-0009 | B10: 45678 | C10: KH054 | D10: Phan Hoàng Bình | E10: Cá nhân | F10: Miền Trung | G10: Khánh Hòa | H10: Thời trang | I10: Giày thể thao | K10: Lê Thu Hà | L10: 1 | M10: 1500000 | N10: 0.2 | O10: 800000 | P10: Hoàn thành
A11: DH2025-0010 | B11: 45678 | C11: KH011 | D11: Công ty CP Bình Minh | E11: Doanh nghiệp | F11: Miền Bắc | G11: Quảng Ninh | H11: Thời trang | I11: Áo khoác gió | J11: Đại lý | K11: Võ Ngọc Lan | L11: 8 | M11: 750000 | N11: 0.05 | O11: 390000 | P11: Đã hủy
A12: DH2025-0011 | B12: 45679 | C12: KH031 | D12: Vũ Đức Hà | E12: Cá nhân | F12: Miền Nam | G12: Cần Thơ | H12: Thời trang | I12: Túi xách nữ | J12: Website | K12: Nguyễn Minh Anh | L12: 1 | M12: 1140000 | N12: 10 | O12: 620000 | P12: Hoàn thành
A13: DH2025-0012 | B13: 45681 | C13: KH056 | D13: Lê Anh Mai | E13: Cá nhân | F13: Miền Nam | G13: Đồng Nai | H13: Mỹ phẩm | I13: Serum Vitamin C | J13: Website | K13: Đặng Hoàng Nam | L13: 2 | M13: 588000 | N13: 0.1 | O13: 260000 | P13: Hoàn thành
A14: DH2025-0013 | B14: 24/01/2025 | C14: KH040 | D14: Bùi Minh An | E14: Cá nhân | F14: Miền Bắc | G14: Quảng Ninh | H14: Gia dụng | I14: Ấm siêu tốc | J14: Website | K14: Võ Ngọc Lan | L14: 1 | M14: 520000 | N14: 0 | O14: 310000 | P14: Đã hủy
A15: DH2025-0014 | B15: 45684 | C15: KH055 | D15: Công ty CP Sao Việt | E15: Doanh nghiệp | F15: Miền Nam | G15: Bình Dương | H15: Điện tử | I15: Tai nghe Bluetooth | J15: Đại lý | K15: Nguyễn Minh Anh | L15: 3 | M15: 808000 | N15: 0.1 | O15: 520000 | P15: Hoàn thành
A16: DH2025-0015 | B16: 45685 | C16: KH057 | D16: Huỳnh Thu Hải | E16: Cá nhân | F16: Miền Nam | G16: Bình Dương | H16: Thời trang | I16: Áo khoác gió | J16: Sàn TMĐT | K16: Võ Ngọc Lan | L16: 1 | M16: 750000 | N16: 0 | O16: 390000 | P16: Hoàn thành
A17: DH2025-0016 | B17: 45685 | C17: KH043 | D17: Phạm Hoàng Giang | E17: Cá nhân | F17: Miền Trung | G17: Huế | H17: Thực phẩm | I17: Hạt dinh dưỡng mix | J17: Cửa hàng | K17: Võ Ngọc Lan | L17: 4 | M17: 340000 | N17: 0.15 | O17: 220000 | P17: Hoàn thành
A18: DH2025-0017 | B18: 01/02/2025 | C18: KH013 | D18: Phan Đức Tuấn | E18: Cá nhân | F18: Miền Nam | G18: Cần Thơ | H18: Thời trang | I18: Áo thun nam | J18: Sàn TMĐT | K18: Trần Quốc Bảo | L18: 1 | M18: 294000 | N18: 0.2 | O18: 130000 | P18: Hoàn thành
A19: DH2025-0018 | B19: 45699 | C19: KH034 | D19: Nguyễn Quốc Dũng | E19: Cá nhân | F19: Miền Nam | G19: Bình Dương | H19: Thời trang | I19: Túi xách nữ | J19: Website | L19: 4 | M19: 1200000 | N19: 0.05 | O19: 620000 | P19: Hoàn thành
A20: DH2025-0019 | B20: 45700 | C20: KH010 | D20: Phan Thị Dũng | E20: Cá nhân | F20: Miền Trung | G20: Khánh Hòa | H20: Mỹ phẩm | I20: Kem chống nắng | J20: Sàn TMĐT | K20: Bùi Thanh Tùng | L20: 1 | M20: 320000 | N20: 0 | O20: 150000 | P20: Hoàn thành
A21: DH2025-0020 | B21: 45705 | C21: KH001 | D21: Phan Ngọc Quân | E21: Cá nhân | F21: Miền Trung | G21: Nghệ An | H21: Điện tử | I21: Sạc dự phòng 20000mAh | K21: Bùi Thanh Tùng | L21: 1 | M21: 690000 | N21: 0.05 | O21: 410000 | P21: Hoàn thành
A22: DH2025-0021 | B22: 45712 | C22: KH020 | D22: Hoàng Hoàng Long | E22: Cá nhân | F22: Miền Nam | G22: TP. Hồ Chí Minh | H22: Điện tử | I22: Bàn phím cơ | J22: Cửa hàng | K22: Lê Thu Hà | L22: 4 | M22: 1200000 | N22: 0.15 | O22: 720000 | P22: Hoàn thành
A23: DH2025-0022 | B23: 45718 | C23: KH052 | D23: Vũ Thanh Châu | E23: Cá nhân | F23: Miền Nam | G23: Bình Dương | H23: Gia dụng | I23: Máy hút bụi mini | J23: Website | K23: Lê Thu Hà | L23: 4 | M23: 1600000 | N23: 0.2 | O23: 1000000 | P23: Hoàn thành
A24: DH2025-0023 | B24: 45719 | C24: KH009 | D24: Cửa hàng Tân Tiến | E24: Doanh nghiệp | F24: Miền Bắc | G24: Quảng Ninh | H24: Gia dụng | I24: Máy hút bụi mini | J24: Đại lý | K24: Đặng Hoàng Nam | L24: 6 | M24: 1520000 | N24: 0 | O24: 1000000 | P24: Hoàn thành
A25: DH2025-0024 | B25: 03/03/2025 | C25: KH039 | D25: Võ Thanh Hải | E25: Cá nhân | F25: Miền Bắc | G25: Bắc Ninh | H25: Mỹ phẩm | I25: Serum Vitamin C | J25: Sàn TMĐT | K25: Võ Ngọc Lan | L25: 1 | M25: 560000 | N25: 0.15 | O25: 260000 | P25: Hoàn thành
A26: DH2025-0025 | B26: 45722 | C26: KH036 | D26: Hoàng Thị Phúc | E26: Cá nhân | F26: Miền Bắc | G26: Bắc Ninh | H26: Thực phẩm | I26: Trà thảo mộc hộp | J26: Sàn TMĐT | K26: Võ Ngọc Lan | L26: 3 | M26: 210000 | N26: 0 | O26: 120000 | P26: Hoàn thành
A27: DH2025-0026 | B27: 45722 | C27: KH025 | D27: Phạm Minh Phúc | E27: Cá nhân | F27: Miền Bắc | G27: Bắc Ninh | H27: Mỹ phẩm | I27: Kem chống nắng | J27: Cửa hàng | K27: Nguyễn Minh Anh | L27: 2 | M27: 320000 | N27: 0 | O27: 150000 | P27: Hoàn thành
A28: DH2025-0027 | B28: 45725 | C28: KH056 | D28: Lê Anh Mai | E28: Cá nhân | F28: Miền Nam | G28: Đồng Nai | H28: Thời trang | I28: Túi xách nữ | J28: Website | K28: Bùi Thanh Tùng | L28: 1 | M28: 1200000 | N28: 0.1 | O28: 620000 | P28: Hoàn thành
A29: DH2025-0028 | B29: 45728 | C29: KH049 | D29: Phan Anh Quân | E29: Cá nhân | F29: Miền Bắc | G29: Bắc Ninh | H29: Điện tử | I29: Loa thông minh | J29: Cửa hàng | K29: Hoàng Mai Linh | L29: 1 | M29: 1805000 | N29: 0 | O29: 1200000 | P29: Hoàn thành
A30: DH2025-0029 | B30: 45728 | C30: KH028 | D30: Công ty TNHH Lạc Hồng | E30: Doanh nghiệp | F30: Miền Nam | G30: TP. Hồ Chí Minh | H30: Thời trang | I30: Áo thun nam | J30: Cửa hàng | K30: Võ Ngọc Lan | L30: 5 | M30: 280000 | N30: 15 | O30: 130000 | P30: Hoàn trả
A31: DH2025-0030 | B31: 45728 | C31: KH007 | D31: Công ty TNHH An Phát | E31: Doanh nghiệp | F31: Miền Nam | G31: Cần Thơ | H31: Điện tử | I31: Loa thông minh | J31: Website | K31: Hoàng Mai Linh | L31: 5 | M31: 1900000 | N31: 0.15 | O31: 1200000 | P31: Hoàn thành
A32: DH2025-0031 | B32: 45730 | C32: KH032 | D32: Nguyễn Hoàng Dũng | E32: Cá nhân | F32: Miền Trung | G32: Khánh Hòa | H32: Mỹ phẩm | I32: Kem chống nắng | J32: Cửa hàng | K32: Trần Quốc Bảo | L32: 1 | M32: 304000 | N32: 0 | O32: 150000 | P32: Hoàn thành
A33: DH2025-0032 | B33: 45737 | C33: KH054 | D33: Phan Hoàng Bình | E33: Cá nhân | F33: Miền Trung | G33: Khánh Hòa | H33: Điện tử | I33: Bàn phím cơ | J33: Website | K33: Phạm Đức Huy | L33: 2 | M33: 1260000 | N33: 0 | O33: 720000 | P33: Hoàn thành
A34: DH2025-0033 | B34: 45737 | C34: KH044 | D34: Công ty TNHH Đại Dương | E34: Doanh nghiệp | F34: Miền Bắc | G34: Hà Nội | H34: Thực phẩm | I34: Trà thảo mộc hộp | J34: Đại lý | K34: Hoàng Mai Linh | L34: 2 | M34: 210000 | N34: 0.1 | O34: 120000 | P34: Hoàn thành
A35: DH2025-0034 | B35: 45737 | C35: KH029 | D35: Đại lý Hải Âu | E35: Doanh nghiệp | F35: Miền Bắc | G35: Bắc Ninh | H35: Điện tử | I35: Loa thông minh | J35: Website | K35: Trần Quốc Bảo | L35: 10 | M35: 1995000 | N35: 0.15 | O35: 1200000 | P35: Hoàn thành
A36: DH2025-0035 | B36: 45737 | C36: KH004 | D36: Vũ Thị Giang | E36: Cá nhân | F36: Miền Bắc | G36: Bắc Ninh | H36: Mỹ phẩm | I36: Kem chống nắng | J36: Cửa hàng | K36: Phạm Đức Huy | L36: 1 | M36: 320000 | N36: 0 | O36: 150000 | P36: Hoàn thành
A37: DH2025-0036 | B37: 45741 | C37: KH002 | D37: Phan Minh Bình | E37: Cá nhân | F37: Miền Bắc | G37: Hà Nội | H37: Điện tử | I37: Sạc dự phòng 20000mAh | J37: Sàn TMĐT | K37: Nguyễn Minh Anh | L37: 2 | M37: 690000 | N37: 0 | O37: 410000 | P37: Hoàn thành
A38: DH2025-0037 | B38: 45744 | C38: KH036 | D38: Hoàng Thị Phúc | E38: Cá nhân | F38: Miền Bắc | G38: Bắc Ninh | H38: Điện tử | I38: Sạc dự phòng 20000mAh | J38: Sàn TMĐT | K38: Nguyễn Minh Anh | L38: 1 | M38: 724000 | N38: 0 | O38: 410000 | P38: Hoàn thành
A39: DH2025-0038 | B39: 45745 | C39: KH024 | D39: Phạm Thu Hiếu | E39: Cá nhân | F39: Miền Bắc | G39: Quảng Ninh | H39: Thực phẩm | I39: Trà thảo mộc hộp | J39: Sàn TMĐT | L39: 1 | M39: 210000 | N39: 0.05 | O39: 120000 | P39: Hoàn thành
A40: DH2025-0039 | B40: 45746 | C40: KH030 | D40: Đặng Hoàng Hiếu | E40: Cá nhân | F40: Miền Nam | G40: Cần Thơ | H40: Thời trang | I40: Áo khoác gió | J40: Cửa hàng | K40: Võ Ngọc Lan | L40: 1 | M40: 750000 | N40: 0.15 | O40: 390000 | P40: Hoàn thành
A41: DH2025-0040 | B41: 45749 | C41: KH043 | D41: Phạm Hoàng Giang | E41: Cá nhân | F41: Miền Trung | G41: Huế | H41: Thời trang | I41: Giày thể thao | J41: Website | K41: Lê Thu Hà | L41: 1 | M41: 1500000 | N41: 0 | O41: 800000 | P41: Hoàn thành
A42: DH2025-0041 | B42: 45749 | C42: KH028 | D42: Công ty TNHH Lạc Hồng | E42: Doanh nghiệp | F42: Miền Nam | G42: TP. Hồ Chí Minh | H42: Mỹ phẩm | I42: Kem chống nắng | J42: Website | K42: Bùi Thanh Tùng | L42: 6 | M42: 320000 | N42: 0 | O42: 150000 | P42: Hoàn thành
A43: DH2025-0042 | B43: 45751 | C43: KH033 | D43: Công ty TNHH Phương Nam | E43: Doanh nghiệp | F43: Miền Nam | G43: Bình Dương | H43: Điện tử | I43: Bàn phím cơ | J43: Cửa hàng | K43: Trần Quốc Bảo | L43: 6 | M43: 1200000 | N43: 0.15 | O43: 720000 | P43: Hoàn thành
A44: DH2025-0043 | B44: 45755 | C44: KH037 | D44: Bùi Thị Lan | E44: Cá nhân | F44: Miền Bắc | G44: Quảng Ninh | H44: Thời trang | I44: Túi xách nữ | J44: Cửa hàng | K44: Lê Thu Hà | L44: 2 | M44: 1200000 | N44: 0.2 | O44: 620000 | P44: Hoàn thành
A45: DH2025-0044 | B45: 45756 | C45: KH046 | D45: Phan Minh Khoa | E45: Cá nhân | F45: Miền Bắc | G45: Quảng Ninh | H45: Thực phẩm | I45: Hạt dinh dưỡng mix | J45: Sàn TMĐT | K45: Nguyễn Minh Anh | L45: 2 | M45: 340000 | N45: 0 | O45: 220000 | P45: Hoàn trả
A46: DH2025-0045 | B46: 45757 | C46: KH051 | D46: Đỗ Minh Long | E46: Cá nhân | F46: Miền Bắc | G46: Bắc Ninh | H46: Thời trang | I46: Túi xách nữ | J46: Website | K46: Nguyễn Minh Anh | L46: 1 | M46: 1200000 | N46: 0 | O46: 620000 | P46: Hoàn thành
A47: DH2025-0046 | B47: 45760 | C47: KH051 | D47: Đỗ Minh Long | E47: Cá nhân | F47: Miền Bắc | G47: Bắc Ninh | H47: Gia dụng | I47: Máy xay sinh tố | J47: Website | K47: Trần Quốc Bảo | L47: 1 | M47: 980000 | N47: 0.2 | O47: 600000 | P47: Hoàn thành
A48: DH2025-0047 | B48: 45765 | C48: KH041 | D48: Đỗ Ngọc Hùng | E48: Cá nhân | F48: Miền Bắc | G48: Bắc Ninh | H48: Thời trang | I48: Giày thể thao | J48: Sàn TMĐT | K48: Nguyễn Minh Anh | L48: 1 | M48: 1575000 | N48: 0 | O48: 800000 | P48: Hoàn thành
A49: DH2025-0048 | B49: 45767 | C49: KH037 | D49: Bùi Thị Lan | E49: Cá nhân | F49: Miền Bắc | G49: Quảng Ninh | H49: Thời trang | I49: Áo khoác gió | J49: Sàn TMĐT | K49: Võ Ngọc Lan | L49: 2 | M49: 750000 | N49: 0.1 | O49: 390000 | P49: Hoàn thành
A50: DH2025-0049 | B50: 45771 | C50: KH013 | D50: Phan Đức Tuấn | E50: Cá nhân | F50: Miền Nam | G50: Cần Thơ | H50: Thời trang | I50: Túi xách nữ | J50: Cửa hàng | K50: Bùi Thanh Tùng | L50: 1 | M50: 1200000 | N50: 0.1 | O50: 620000 | P50: Hoàn thành
A51: DH2025-0050 | B51: 45773 | C51: KH054 | D51: Phan Hoàng Bình | E51: Cá nhân | F51: Miền Trung | G51: Khánh Hòa | H51: Thời trang | I51: Áo thun nam | J51: Cửa hàng | K51: Lê Thu Hà | L51: 1 | M51: 280000 | N51: 0.1 | O51: 130000 | P51: Hoàn thành
... A74: DH2025-0072 | B74: 45824 | C74: KH056 | D74: Lê Anh Mai | E74: Cá nhân | F74: Miền Nam | G74: Đồng Nai | H74: Thời trang | I74: Áo thun nam | J74: Website | K74: Trần Quốc Bảo | L74: 2 | M74: 280000 | N74: 0 | O74: 130000 | P74: Hoàn thành
A75: DH2025-0073 | B75: 17/06/2025 | C75: KH026 | D75: Lê Quốc An | E75: Cá nhân | F75: Miền Nam | G75: Bình Dương | H75: Thời trang | I75: Áo thun nam | J75: Website | K75: Lê Thu Hà | L75: 1 | M75: 280000 | N75: 0.05 | O75: 130000 | P75: Hoàn trả
A76: DH2025-0074 | B76: 45827 | C76: KH054 | D76: Phan Hoàng Bình | E76: Cá nhân | F76: Miền Trung | G76: Khánh Hòa | H76: Điện tử | I76: Loa thông minh | J76: Website | K76: Nguyễn Minh Anh | L76: 1 | M76: 1900000 | N76: 0 | O76: 1200000 | P76: Hoàn thành
A77: DH2025-0075 | B77: 45828 | C77: KH012 | D77: Võ Minh Trang | E77: Cá nhân | F77: Miền Nam | G77: Cần Thơ | H77: Thời trang | I77: Giày thể thao | J77: Website | K77: Trần Quốc Bảo | L77: 4 | M77: 1500000 | N77: 0 | O77: 800000 | P77: Hoàn thành
A78: DH2025-0076 | B78: 45829 | C78: KH049 | D78: Phan Anh Quân | E78: Cá nhân | F78: Miền Bắc | G78: Bắc Ninh | H78: Mỹ phẩm | I78: Son lì | J78: Sàn TMĐT | K78: Võ Ngọc Lan | L78: 1 | M78: 304000 | N78: 0.05 | O78: 120000 | P78: Hoàn thành
A79: DH2025-0077 | B79: 45830 | C79: KH011 | D79: Công ty CP Bình Minh | E79: Doanh nghiệp | F79: Miền Bắc | G79: Quảng Ninh | H79: Điện tử | I79: Chuột không dây | J79: Sàn TMĐT | K79: Phạm Đức Huy | L79: 2 | M79: 450000 | N79: 0.15 | O79: 260000 | P79: Hoàn thành
A80: DH2025-0078 | B80: 45832 | C80: KH004 | D80: Vũ Thị Giang | E80: Cá nhân | F80: Miền Bắc | G80: Bắc Ninh | H80: Thời trang | I80: Áo thun nam | J80: Website | K80: Trần Quốc Bảo | L80: 4 | M80: 294000 | N80: 0.05 | O80: 130000 | P80: Hoàn thành
A81: DH2025-0079 | B81: 45833 | C81: KH020 | D81: Hoàng Hoàng Long | E81: Cá nhân | F81: Miền Nam | G81: TP. Hồ Chí Minh | H81: Thời trang | I81: Áo khoác gió | J81: Sàn TMĐT | K81: Phạm Đức Huy | L81: 3 | M81: 750000 | N81: 5 | O81: 390000 | P81: Hoàn thành
A82: DH2025-0080 | B82: 45834 | C82: KH057 | D82: Huỳnh Thu Hải | E82: Cá nhân | F82: Miền Nam | G82: Bình Dương | H82: Thực phẩm | I82: Cà phê rang xay 1kg | J82: Sàn TMĐT | K82: Nguyễn Minh Anh | L82: 1 | M82: 380000 | N82: 0 | O82: 250000 | P82: Hoàn thành
A83: DH2025-0081 | B83: 45834 | C83: KH017 | D83: Hoàng Hoàng An | E83: Cá nhân | F83: Miền Trung | G83: Đà Nẵng | H83: Gia dụng | I83: Nồi chiên không dầu | J83: Website | K83: Đặng Hoàng Nam | L83: 1 | M83: 2520000 | N83: 0 | O83: 1550000 | P83: Hoàn thành
A84: DH2025-0082 | B84: 45835 | C84: KH030 | D84: Đặng Hoàng Hiếu | E84: Cá nhân | F84: Miền Nam | G84: Cần Thơ | H84: Gia dụng | I84: Máy xay sinh tố | J84: Website | K84: Trần Quốc Bảo | L84: 3 | M84: 1029000 | N84: 0 | O84: 600000 | P84: Hoàn thành
A85: DH2025-0083 | B85: 45838 | C85: KH008 | D85: Hoàng Đức Trang | E85: Cá nhân | F85: Miền Nam | G85: Bình Dương | H85: Thực phẩm | I85: Trà thảo mộc hộp | J85: Sàn TMĐT | K85: Phạm Đức Huy | L85: 1 | M85: 210000 | N85: 0.1 | O85: 120000 | P85: Hoàn thành
A86: DH2025-0084 | B86: 45838 | C86: KH005 | D86: Đỗ Văn Hạnh | E86: Cá nhân | F86: Miền Bắc | G86: Hải Phòng | H86: Thực phẩm | I86: Trà thảo mộc hộp | J86: Cửa hàng | K86: Trần Quốc Bảo | L86: 2 | M86: 220000 | N86: 0.15 | O86: 120000 | P86: Hoàn thành
A87: DH2025-0085 | B87: 02/07/2025 | C87: KH013 | D87: Phan Đức Tuấn | E87: Cá nhân | F87: Miền Nam | G87: Cần Thơ | H87: Điện tử | I87: Chuột không dây | J87: Sàn TMĐT | K87: Võ Ngọc Lan | L87: 1 | M87: 450000 | N87: 0.05 | O87: 260000 | P87: Hoàn thành
A88: DH2025-0086 | B88: 45842 | C88: KH035 | D88: Nguyễn Thu Hải | E88: Cá nhân | F88: miền nam | G88: TP. Hồ Chí Minh | H88: Thực phẩm | I88: Trà thảo mộc hộp | J88: Sàn TMĐT | K88: Trần Quốc Bảo | L88: 1 | M88: 210000 | N88: 0.1 | O88: 120000 | P88: Hoàn thành
A89: DH2025-0087 | B89: 45844 | C89: KH029 | D89: Đại lý Hải Âu | E89: Doanh nghiệp | F89: Miền Bắc | G89: Bắc Ninh | H89: Điện tử | I89: Chuột không dây | J89: Website | K89: Nguyễn Minh Anh | L89: 5 | M89: 450000 | N89: 0 | O89: 260000 | P89: hoàn thành
A90: DH2025-0088 | B90: 45847 | C90: KH011 | D90: Công ty CP Bình Minh | E90: Doanh nghiệp | F90: Miền Bắc | G90: Quảng Ninh | H90: Mỹ phẩm | I90: Kem chống nắng | J90: Website | K90: Võ Ngọc Lan | L90: 3 | M90: 304000 | N90: 0.05 | O90: 150000 | P90: Hoàn thành
A91: DH2025-0089 | B91: 45856 | C91: KH002 | D91: Phan Minh Bình | E91: Cá nhân | F91: Miền Bắc | G91: Hà Nội | H91: Điện tử | I91: Chuột không dây | J91: Sàn TMĐT | K91: Hoàng Mai Linh | L91: 4 | M91: 472000 | N91: 0.05 | O91: 260000 | P91: Hoàn thành
A92: DH2025-0090 | B92: 45856 | C92: KH026 | D92: Lê Quốc An | E92: Cá nhân | F92: Miền Nam | G92: Bình Dương | H92: Gia dụng | I92: Nồi chiên không dầu | J92: Sàn TMĐT | K92: Võ Ngọc Lan | L92: 2 | M92: 2400000 | N92: 0.1 | O92: 1550000 | P92: Hoàn thành
A93: DH2025-0091 | B93: 45857 | C93: KH030 | D93: Đặng Hoàng Hiếu | E93: Cá nhân | F93: Miền Nam | G93: Cần Thơ | H93: Điện tử | I93: Loa thông minh | J93: Sàn TMĐT | K93: Lê Thu Hà | L93: 2 | M93: 1900000 | N93: 0.15 | O93: 1200000 | P93: Hoàn thành
A94: DH2025-0092 | B94: 45859 | C94: KH038 | D94: Cửa hàng Hoa Mai | E94: Doanh nghiệp | F94: Miền Trung | G94: Huế | H94: Điện tử | I94: Sạc dự phòng 20000mAh | J94: Đại lý | K94: Lê Thu Hà | L94: 5 | M94: 724000 | N94: 0.05 | O94: 410000 | P94: HOÀN THÀNH
A95: DH2025-0093 | B95: 45860 | C95: KH007 | D95: Công ty TNHH An Phát | E95: Doanh nghiệp | F95: Miền Nam | G95: Cần Thơ | H95: Thời trang | I95: Túi xách nữ | J95: Website | K95: Trần Quốc Bảo | L95: 5 | M95: 1140000 | N95: 0.05 | O95: 620000 | P95: Hoàn thành
A96: DH2025-0094 | B96: 45861 | C96: KH045 | D96: Công ty TNHH Việt Tiến | E96: Doanh nghiệp | F96: Miền Nam | G96: Bình Dương | H96: Thời trang | I96: Giày thể thao | J96: Đại lý | K96: Đặng Hoàng Nam | L96: 6 | M96: 1500000 | N96: 0.1 | O96: 800000 | P96: Hoàn thành
A97: DH2025-0095 | B97: 45865 | C97: KH009 | D97: Cửa hàng Tân Tiến | E97: Doanh nghiệp | F97: Miền Bắc | G97: Quảng Ninh | H97: Thời trang | I97: Giày thể thao | J97: Đại lý | K97: Bùi Thanh Tùng | L97: 3 | M97: 1575000 | N97: 0.15 | O97: 800000 | P97: Đã hủy
A98: DH2025-0096 | B98: 45865 | C98: KH023 | D98: Bùi Thị Tuấn | E98: Cá nhân | F98: Miền Nam | G98: Bình Dương | H98: Mỹ phẩm | I98: Son lì | J98: Cửa hàng | K98: Nguyễn Minh Anh | L98: 1 | M98: 290000 | N98: 0.1 | O98: 120000 | P98: Hoàn thành
A99: DH2025-0097 | B99: 45866 | C99: KH033 | D99: Công ty TNHH Phương Nam | E99: Doanh nghiệp | F99: Miền Nam | G99: Bình Dương | H99: Thực phẩm | I99: Hạt dinh dưỡng mix | J99: Cửa hàng | K99: Bùi Thanh Tùng | L99: 6 | M99: 340000 | N99: 0 | O99: 220000 | P99: Hoàn thành
... A157: DH2025-0155 | B157: 45974 | C157: KH030 | D157: Đặng Hoàng Hiếu | E157: Cá nhân | F157: Miền Nam | G157: Cần Thơ | H157: Gia dụng | I157: Ấm siêu tốc | J157: Cửa hàng | K157: Lê Thu Hà | L157: 3 | M157: 520000 | N157: 0.05 | O157: 310000 | P157: Hoàn thành
A158: DH2025-0156 | B158: 45975 | C158: KH037 | D158: Bùi Thị Lan | E158: Cá nhân | F158: Miền Bắc | G158: Quảng Ninh | H158: Mỹ phẩm | I158: Kem chống nắng | K158: Võ Ngọc Lan | L158: 1 | M158: 304000 | N158: 0.2 | O158: 150000 | P158: Hoàn thành
A159: DH2025-0157 | B159: 45977 | C159: KH029 | D159: Đại lý Hải Âu | E159: Doanh nghiệp | F159: Miền Bắc | G159: Bắc Ninh | H159: Mỹ phẩm | I159: Kem chống nắng | J159: Website | K159: Phạm Đức Huy | L159: 5 | M159: 336000 | N159: 0.1 | O159: 150000 | P159: Hoàn thành
A160: DH2025-0158 | B160: 45981 | C160: KH037 | D160: Bùi Thị Lan | E160: Cá nhân | F160: Miền Bắc | G160: Quảng Ninh | H160: Gia dụng | I160: Nồi chiên không dầu | J160: Website | K160: Hoàng Mai Linh | L160: 1 | M160: 2520000 | N160: 0.1 | O160: 1550000 | P160: Hoàn thành
A161: DH2025-0111 | B161: 45893 | C161: KH060 | D161: Hoàng Hoàng Châu | E161: Cá nhân | F161: Miền Nam | G161: Bình Dương | H161: Gia dụng | I161: Máy xay sinh tố | J161: Sàn TMĐT | K161: Đặng Hoàng Nam | L161: 1 | M161: 931000 | N161: 0 | O161: 600000 | P161: Hoàn thành
A162: DH2025-0159 | B162: 45982 | C162: KH010 | D162: Phan Thị Dũng | E162: Cá nhân | F162: Miền Trung | G162: Khánh Hòa | H162: Thời trang | I162: Túi xách nữ | J162: Đại lý | K162: Nguyễn Minh Anh | L162: 1 | M162: 1260000 | N162: 0.05 | O162: 620000 | P162: Hoàn thành
A163: DH2025-0160 | B163: 45990 | C163: KH059 | D163: Siêu thị Minh Châu | E163: Doanh nghiệp | F163: Miền Bắc | G163: Quảng Ninh | H163: Điện tử | I163: Chuột không dây | J163: Đại lý | K163: Phạm Đức Huy | L163: 2 | M163: 450000 | N163: 0.1 | O163: 260000 | P163: Hoàn thành
A164: DH2025-0161 | B164: 45991 | C164: KH036 | D164: Hoàng Thị Phúc | E164: Cá nhân | F164: Miền Bắc | G164: Bắc Ninh | H164: Mỹ phẩm | I164: Kem chống nắng | J164: Sàn TMĐT | K164: Đặng Hoàng Nam | L164: 1 | M164: 320000 | N164: 0 | O164: 150000 | P164: Hoàn thành
A165: DH2025-0162 | B165: 45991 | C165: KH014 | D165: Vũ Văn Dũng | E165: Cá nhân | F165: Miền Bắc | G165: Hà Nội | H165: Thời trang | I165: Áo khoác gió | J165: Sàn TMĐT | K165: Trần Quốc Bảo | L165: 2 | M165: 750000 | N165: 0.05 | O165: 390000 | P165: Hoàn trả
A166: DH2025-0163 | B166: 45992 | C166: KH017 | D166: Hoàng Hoàng An | E166: Cá nhân | F166: Miền Trung | G166: Đà Nẵng | H166: Gia dụng | I166: Máy hút bụi mini | J166: Sàn TMĐT | K166: Phạm Đức Huy | L166: 2 | M166: 1600000 | N166: 0.1 | O166: 1000000 | P166: Hoàn thành
A167: DH2025-0164 | B167: 45992 | C167: KH026 | D167: Lê Quốc An | E167: Cá nhân | F167: Miền Nam | G167: Bình Dương | H167: Gia dụng | I167: Nồi chiên không dầu | J167: Website | K167: Lê Thu Hà | L167: 1 | M167: 2520000 | N167: 0.15 | O167: 1550000 | P167: Hoàn thành
A168: DH2025-0165 | B168: 45993 | C168: KH022 | D168: Trần Thu Quân | E168: Cá nhân | F168: Miền Bắc | G168: Bắc Ninh | H168: Điện tử | I168: Tai nghe Bluetooth | J168: Cửa hàng | K168: Nguyễn Minh Anh | L168: 2 | M168: 850000 | N168: 0.05 | O168: 520000 | P168: Đã hủy
A169: DH2025-0166 | B169: 45994 | C169: KH045 | D169: Công ty TNHH Việt Tiến | E169: Doanh nghiệp | F169: Miền Nam | G169: Bình Dương | H169: Thời trang | I169: Túi xách nữ | J169: Đại lý | K169: Trần Quốc Bảo | L169: 3 | M169: 1140000 | N169: 0.15 | O169: 620000 | P169: Hoàn thành
A170: DH2025-0167 | B170: 45994 | C170: KH010 | D170: Phan Thị Dũng | E170: Cá nhân | F170: Miền Trung | G170: Khánh Hòa | H170: Gia dụng | I170: Nồi chiên không dầu | J170: Sàn TMĐT | K170: Đặng Hoàng Nam | L170: 1 | M170: 2280000 | N170: 0.05 | O170: 1550000 | P170: Hoàn thành
... A175: DH2025-0172 | B175: 45997 | C175: KH026 | D175: Lê Quốc An | E175: Cá nhân | F175: Miền Nam | G175: Bình Dương | H175: Mỹ phẩm | I175: Serum Vitamin C | J175: Sàn TMĐT | K175: Bùi Thanh Tùng | L175: 1 | M175: 560000 | N175: 0.05 | O175: 260000 | P175: Hoàn thành
A176: DH2025-0173 | B176: 45997 | C176: KH039 | D176: Võ Thanh Hải | E176: Cá nhân | F176: Miền Bắc | G176: Bắc Ninh | H176: Điện tử | I176: Sạc dự phòng 20000mAh | K176: Phạm Đức Huy | L176: 2 | M176: 656000 | N176: 0 | O176: 410000 | P176: Hoàn thành
A177: DH2025-0174 | B177: 45997 | C177: KH011 | D177: Công ty CP Bình Minh | E177: Doanh nghiệp | F177: Miền Bắc | G177: Quảng Ninh | H177: Điện tử | I177: Chuột không dây | J177: Website | K177: Lê Thu Hà | L177: 2 | M177: 472000 | N177: 0 | O177: 260000 | P177: Hoàn thành
A178: DH2025-0175 | B178: 45998 | C178: KH035 | D178: Nguyễn Thu Hải | E178: Cá nhân | F178: Miền Nam | G178: TP. Hồ Chí Minh | H178: Thời trang | I178: Áo thun nam | J178: Cửa hàng | K178: Đặng Hoàng Nam | L178: 1 | M178: 280000 | N178: 0 | O178: 130000 | P178: Hoàn trả
A179: DH2025-0176 | B179: 45998 | C179: KH024 | D179: Phạm Thu Hiếu | E179: Cá nhân | F179: Miền Bắc | G179: Quảng Ninh | H179: Gia dụng | I179: Nồi chiên không dầu | J179: Sàn TMĐT | K179: Lê Thu Hà | L179: 2 | M179: 2400000 | N179: 0.2 | O179: 1550000 | P179: Hoàn thành
A180: DH2025-0175 | B180: 45998 | C180: KH035 | D180: Nguyễn Thu Hải | E180: Cá nhân | F180: Miền Nam | G180: TP. Hồ Chí Minh | H180: Thời trang | I180: Áo thun nam | J180: Cửa hàng | K180: Đặng Hoàng Nam | L180: 1 | M180: 280000 | N180: 0 | O180: 130000 | P180: Hoàn trả
A181: DH2025-0177 | B181: 45999 | C181: KH020 | D181: Hoàng Hoàng Long | E181: Cá nhân | F181: Miền Nam | G181: TP. Hồ Chí Minh | H181: Thời trang | I181: Giày thể thao | J181: Sàn TMĐT | K181: Hoàng Mai Linh | L181: 1 | M181: 1425000 | N181: 0.1 | O181: 800000 | P181: Hoàn thành
A182: DH2025-0178 | B182: 46001 | C182: KH009 | D182: Cửa hàng Tân Tiến | E182: Doanh nghiệp | F182: Miền Bắc | G182: Quảng Ninh | H182: Gia dụng | I182: Ấm siêu tốc | J182: Website | K182: Đặng Hoàng Nam | L182: 2 | M182: 520000 | N182: 0.2 | O182: 310000 | P182: Hoàn thành
A183: DH2025-0179 | B183: 46002 | C183: KH047 | D183: Công ty TNHH Kim Long | E183: Doanh nghiệp | F183: Miền Nam | G183: TP. Hồ Chí Minh | H183: Thời trang | I183: Túi xách nữ | J183: Cửa hàng | K183: Phạm Đức Huy | L183: 10 | M183: 1200000 | N183: 0 | O183: 620000 | P183: Hoàn thành
...

Sheet Làm sạch dữ liệu
A4: 1. Nhật ký các vấn đề chất lượng dữ liệu và cách xử lý
A5: STT | B5: Vấn đề phát hiện | C5: Cột | D5: Số dòng ảnh hưởng | E5: Cách xử lý | F5: Mức độ
A6: 1 | B6: Dòng trùng lặp (trùng Mã đơn hàng) | C6: Mã đơn hàng | D6: =ROUND(COUNTA('Dữ liệu thô'!$A$2:$A$207)-SUMPRODUCT(1/COUNTIF('Dữ liệu thô'!$A$2:$A$207,'Dữ liệu thô'!$A$2:$A$207)),0) -> 6 | E6: Xóa dòng trùng, giữ 1 dòng duy nhất cho mỗi Mã đơn hàng | F6: Cao
A7: 2 | B7: Ngày đặt hàng lưu dạng văn bản (dd/mm/yyyy) | C7: Ngày đặt hàng | D7: =SUMPRODUCT(--ISTEXT('Dữ liệu thô'!$B$2:$B$207)) -> 7 | E7: Chuyển văn bản sang kiểu ngày (DATE) để tính theo tháng/quý/thứ | F7: Cao
A8: 3 | B8: Tên khu vực viết hoa/thường lẫn lộn, thừa khoảng trắng | C8: Khu vực | D8: =SUMPRODUCT(--((EXACT('Dữ liệu thô'!$F$2:$F$207,"Miền Bắc")+EXACT('Dữ liệu thô'!$F$2:$F$207,"Miền Trung")+EXACT('Dữ liệu thô'!$F$2:$F$207,"Miền Nam"))=0)) -> 9 | E8: Chuẩn hóa về 3 giá trị: Miền Bắc / Miền Trung / Miền Nam | F8: Trung bình
A9: 4 | B9: Trạng thái đơn hàng sai chuẩn chính tả/viết hoa | C9: Trạng thái | D9: =SUMPRODUCT(--((EXACT('Dữ liệu thô'!$P$2:$P$207,"Hoàn thành")+EXACT('Dữ liệu thô'!$P$2:$P$207,"Đã hủy")+EXACT('Dữ liệu thô'!$P$2:$P$207,"Hoàn trả"))=0)) -> 5 | E9: Chuẩn hóa về: Hoàn thành / Đã hủy / Hoàn trả | F9: Cao
A10: 5 | B10: Tên sản phẩm thừa khoảng trắng | C10: Sản phẩm | D10: =SUMPRODUCT(--(LEN('Dữ liệu thô'!$I$2:$I$207)<>LEN(TRIM('Dữ liệu thô'!$I$2:$I$207)))) -> 5 | E10: Dùng TRIM để xóa khoảng trắng thừa, tránh tách thành 2 sản phẩm khi thống kê | F10: Trung bình
A11: 6 | B11: Thiếu giá trị Kênh bán | C11: Kênh bán | D11: =COUNTBLANK('Dữ liệu thô'!$J$2:$J$207) -> 4 | E11: Điền giá trị xuất hiện nhiều nhất (Mode) = 'Website' | F11: Trung bình
A12: 7 | B12: Thiếu giá trị Nhân viên bán hàng | C12: Nhân viên | D12: =COUNTBLANK('Dữ liệu thô'!$K$2:$K$207) -> 4 | E12: Điền nhãn 'Chưa xác định' để không mất đơn hàng khỏi báo cáo | F12: Trung bình
A13: 8 | B13: Giảm giá nhập sai thang đo (10 thay vì 10%) | C13: Giảm giá | D13: =COUNTIF('Dữ liệu thô'!$N$2:$N$207,">1") -> 6 | E13: Chia 100 các giá trị > 1 để đưa về dạng phần trăm | F13: Cao
A15: 2. Tổng hợp trước và sau làm sạch
B16: Chỉ tiêu | D16: Giá trị | E16: Ghi chú
B17: Số dòng dữ liệu thô | D17: =COUNTA('Dữ liệu thô'!$A$2:$A$207) -> 206 | E17: Sheet 'Dữ liệu thô'
B18: Số dòng sau làm sạch | D18: =COUNTA('Dữ liệu sạch'!$A$2:$A$201) -> 200 | E18: Sheet 'Dữ liệu sạch'
B19: Số dòng đã loại bỏ | D19: =D17-D18 -> 6 | E19: Chính là số dòng trùng lặp
B20: Tỷ lệ dữ liệu giữ lại | D20: =D18/D17 -> 0.97087379 | E20: Số dòng sạch / số dòng thô
A22: 3. Kiểm tra chất lượng sau làm sạch (sheet 'Dữ liệu sạch')
A23: STT | B23: Tiêu chí kiểm tra | D23: Kết quả | E23: Kỳ vọng | F23: Trạng thái
A24: 1 | B24: Số Mã đơn hàng bị trùng | D24: =ROUND(COUNTA('Dữ liệu sạch'!$A$2:$A$201)-SUMPRODUCT(1/COUNTIF('Dữ liệu sạch'!$A$2:$A$201,'Dữ liệu sạch'!$A$2:$A$201)),0) -> 0 | E24: 0 | F24: =IF(D24=E24,"Đạt","Lỗi") -> Đạt
A25: 2 | B25: Số ô trống trong các cột bắt buộc (A:R) | D25: =COUNTBLANK('Dữ liệu sạch'!$A$2:$R$201) -> 0 | E25: 0 | F25: =IF(D25=E25,"Đạt","Lỗi") -> Đạt
A26: 3 | B26: Số ngày đang ở dạng văn bản | D26: =SUMPRODUCT(--ISTEXT('Dữ liệu sạch'!$B$2:$B$201)) -> 0 | E26: 0 | F26: =IF(D26=E26,"Đạt","Lỗi") -> Đạt
A27: 4 | B27: Số dòng có Giảm giá > 100% | D27: =COUNTIF('Dữ liệu sạch'!$P$2:$P$201,">1") -> 0 | E27: 0 | F27: =IF(D27=E27,"Đạt","Lỗi") -> Đạt
A28: 5 | B28: Số dòng có Số lượng ≤ 0 | D28: =COUNTIF('Dữ liệu sạch'!$N$2:$N$201,"<=0") -> 0 | E28: 0 | F28: =IF(D28=E28,"Đạt","Lỗi") -> Đạt
A30: 4. Kiểm tra chéo: tổng doanh thu thực ở các bảng phân tích phải khớp với Dữ liệu sạch
A31: STT | B31: Bảng phân tích | D31: Tổng doanh thu | E31: Chênh lệch so với dữ liệu gốc | F31: Trạng thái
A32: 1 | B32: Doanh thu theo tháng | D32: ='PT Thời gian'!D18 -> 346260650 | E32: =D32-SUM('Dữ liệu sạch'!$W$2:$W$201) -> 0 | F32: =IF(ABS(E32)<1,"Khớp","Lệch") -> Khớp
A33: 2 | B33: Doanh thu theo quý | D33: ='PT Thời gian'!C27 -> 346260650 | E33: =D33-SUM('Dữ liệu sạch'!$W$2:$W$201) -> 0 | F33: =IF(ABS(E33)<1,"Khớp","Lệch") -> Khớp
A34: 3 | B34: Doanh thu theo danh mục | D34: ='PT Sản phẩm'!D11 -> 346260650 | E34: =D34-SUM('Dữ liệu sạch'!$W$2:$W$201) -> 0 | F34: =IF(ABS(E34)<1,"Khớp","Lệch") -> Khớp
A35: 4 | B35: Doanh thu theo sản phẩm | D35: ='PT Sản phẩm'!D34 -> 346260650 | E35: =D35-SUM('Dữ liệu sạch'!$W$2:$W$201) -> 0 | F35: =IF(ABS(E35)<1,"Khớp","Lệch") -> Khớp
A36: 5 | B36: Doanh thu theo khu vực | D36: ='PT Khu vực - Kênh'!C9 -> 346260650 | E36: =D36-SUM('Dữ liệu sạch'!$W$2:$W$201) -> 0 | F36: =IF(ABS(E36)<1,"Khớp","Lệch") -> Khớp
A37: 6 | B37: Doanh thu theo tỉnh/thành | D37: ='PT Khu vực - Kênh'!D26 -> 346260650 | E37: =D37-SUM('Dữ liệu sạch'!$W$2:$W$201) -> 0 | F37: =IF(ABS(E37)<1,"Khớp","Lệch") -> Khớp
A38: 7 | B38: Doanh thu theo kênh bán | D38: ='PT Khu vực - Kênh'!C35 -> 346260650 | E38: =D38-SUM('Dữ liệu sạch'!$W$2:$W$201) -> 0 | F38: =IF(ABS(E38)<1,"Khớp","Lệch") -> Khớp
A39: 8 | B39: Doanh thu theo nhân viên | D39: ='PT Khách hàng - NV'!C21 -> 346260650 | E39: =D39-SUM('Dữ liệu sạch'!$W$2:$W$201) -> 0 | F39: =IF(ABS(E39)<1,"Khớp","Lệch") -> Khớp
A40: 9 | B40: Doanh thu theo phân khúc KH | D40: ='PT Khách hàng - NV'!D8 -> 346260650 | E40: =D40-SUM('Dữ liệu sạch'!$W$2:$W$201) -> 0 | F40: =IF(ABS(E40)<1,"Khớp","Lệch") -> Khớp
A41: 10 | B41: Doanh thu theo khách hàng | D41: =SUM('PT Khách hàng - NV'!F54:F113) -> 346260650 | E41: =D41-SUM('Dữ liệu sạch'!$W$2:$W$201) -> 0 | F41: =IF(ABS(E41)<1,"Khớp","Lệch") -> Khớp
B42: Doanh thu thực toàn bộ dữ liệu sạch | D42: =SUM('Dữ liệu sạch'!$W$2:$W$201) -> 346260650

Sheet Dữ liệu sạch
A1: Mã đơn hàng | B1: Ngày đặt hàng | C1: Tháng | D1: Quý | E1: Mã KH | F1: Tên khách hàng | G1: Phân khúc | H1: Khu vực | I1: Tỉnh/Thành | J1: Danh mục | K1: Sản phẩm | L1: Kênh bán | M1: Nhân viên bán hàng | N1: Số lượng | O1: Đơn giá (VNĐ) | P1: Giảm giá % | Q1: Giá vốn đơn vị (VNĐ) | R1: Trạng thái | S1: Doanh thu (VNĐ) | T1: Tổng giá vốn (VNĐ) | U1: Lợi nhuận (VNĐ) | V1: Biên LN % | W1: Doanh thu thực (đơn hoàn thành) | X1: Lợi nhuận thực (đơn hoàn thành) | Y1: Thứ trong tuần (1=T2..7=CN) | AA1: Ghi chú
A2: DH2025-0001 | B2: 45662 | C2: =MONTH(B2) -> 1 | D2: ="Q"&ROUNDUP(C2/3,0) -> Q1 | E2: KH040 | F2: Bùi Minh An | G2: Cá nhân | H2: Miền Bắc | I2: Quảng Ninh | J2: Mỹ phẩm | K2: Serum Vitamin C | L2: Website | M2: Trần Quốc Bảo | N2: 2 | O2: 588000 | P2: 0.15 | Q2: 260000 | R2: Hoàn thành | S2: =N2*O2*(1-P2) -> 999600 | T2: =N2*Q2 -> 520000 | U2: =S2-T2 -> 479600 | V2: =IF(S2=0,0,U2/S2) -> 0.47979192 | W2: =IF(R2="Hoàn thành",S2,"") -> 999600 | X2: =IF(R2="Hoàn thành",U2,"") -> 479600 | Y2: =WEEKDAY(B2,2) -> 7 | AA2: Chữ xanh: dữ liệu đầu vào (đã làm sạch). Chữ đen: công thức.
A3: DH2025-0002 | B3: 45666 | C3: =MONTH(B3) -> 1 | D3: ="Q"&ROUNDUP(C3/3,0) -> Q1 | E3: KH040 | F3: Bùi Minh An | G3: Cá nhân | H3: Miền Bắc | I3: Quảng Ninh | J3: Mỹ phẩm | K3: Son lì | L3: Website | M3: Phạm Đức Huy | N3: 3 | O3: 290000 | P3: 0.1 | Q3: 120000 | R3: Hoàn thành | S3: =N3*O3*(1-P3) -> 783000 | T3: =N3*Q3 -> 360000 | U3: =S3-T3 -> 423000 | V3: =IF(S3=0,0,U3/S3) -> 0.54022989 | W3: =IF(R3="Hoàn thành",S3,"") -> 783000 | X3: =IF(R3="Hoàn thành",U3,"") -> 423000 | Y3: =WEEKDAY(B3,2) -> 4 | AA3: Doanh thu = Số lượng × Đơn giá × (1 − Giảm giá).
A4: DH2025-0003 | B4: 45667 | C4: =MONTH(B4) -> 1 | D4: ="Q"&ROUNDUP(C4/3,0) -> Q1 | E4: KH046 | F4: Phan Minh Khoa | G4: Cá nhân | H4: Miền Bắc | I4: Quảng Ninh | J4: Điện tử | K4: Tai nghe Bluetooth | L4: Sàn TMĐT | M4: Lê Thu Hà | N4: 1 | O4: 892000 | P4: 0.2 | Q4: 520000 | R4: Hoàn trả | S4: =N4*O4*(1-P4) -> 713600 | T4: =N4*Q4 -> 520000 | U4: =S4-T4 -> 193600 | V4: =IF(S4=0,0,U4/S4) -> 0.27130045 | W4: =IF(R4="Hoàn thành",S4,"") | X4: =IF(R4="Hoàn thành",U4,"") | Y4: =WEEKDAY(B4,2) -> 5 | AA4: Lợi nhuận = Doanh thu − Số lượng × Giá vốn đơn vị.
A5: DH2025-0004 | B5: 45669 | C5: =MONTH(B5) -> 1 | D5: ="Q"&ROUNDUP(C5/3,0) -> Q1 | E5: KH043 | F5: Phạm Hoàng Giang | G5: Cá nhân | H5: Miền Trung | I5: Huế | J5: Gia dụng | K5: Ấm siêu tốc | L5: Sàn TMĐT | M5: Trần Quốc Bảo | N5: 1 | O5: 520000 | P5: 0 | Q5: 310000 | R5: Hoàn thành | S5: =N5*O5*(1-P5) -> 520000 | T5: =N5*Q5 -> 310000 | U5: =S5-T5 -> 210000 | V5: =IF(S5=0,0,U5/S5) -> 0.40384615 | W5: =IF(R5="Hoàn thành",S5,"") -> 520000 | X5: =IF(R5="Hoàn thành",U5,"") -> 210000 | Y5: =WEEKDAY(B5,2) -> 7 | AA5: Cột W, X chỉ tính đơn 'Hoàn thành'; đơn hủy/hoàn trả để trống để không ảnh hưởng thống kê.
A6: DH2025-0005 | B6: 45670 | C6: =MONTH(B6) -> 1 | D6: ="Q"&ROUNDUP(C6/3,0) -> Q1 | E6: KH008 | F6: Hoàng Đức Trang | G6: Cá nhân | H6: Miền Nam | I6: Bình Dương | J6: Thực phẩm | K6: Trà thảo mộc hộp | L6: Cửa hàng | M6: Trần Quốc Bảo | N6: 1 | O6: 200000 | P6: 0 | Q6: 120000 | R6: Hoàn thành | S6: =N6*O6*(1-P6) -> 200000 | T6: =N6*Q6 -> 120000 | U6: =S6-T6 -> 80000 | V6: =IF(S6=0,0,U6/S6) -> 0.4 | W6: =IF(R6="Hoàn thành",S6,"") -> 200000 | X6: =IF(R6="Hoàn thành",U6,"") -> 80000 | Y6: =WEEKDAY(B6,2) -> 1
A7: DH2025-0006 | B7: 45674 | C7: =MONTH(B7) -> 1 | D7: ="Q"&ROUNDUP(C7/3,0) -> Q1 | E7: KH008 | F7: Hoàng Đức Trang | G7: Cá nhân | H7: Miền Nam | I7: Bình Dương | J7: Điện tử | K7: Loa thông minh | L7: Website | M7: Nguyễn Minh Anh | N7: 1 | O7: 1900000 | P7: 0 | Q7: 1200000 | R7: Hoàn thành | S7: =N7*O7*(1-P7) -> 1900000 | T7: =N7*Q7 -> 1200000 | U7: =S7-T7 -> 700000 | V7: =IF(S7=0,0,U7/S7) -> 0.36842105 | W7: =IF(R7="Hoàn thành",S7,"") -> 1900000 | X7: =IF(R7="Hoàn thành",U7,"") -> 700000 | Y7: =WEEKDAY(B7,2) -> 5
A8: DH2025-0007 | B8: 45676 | C8: =MONTH(B8) -> 1 | D8: ="Q"&ROUNDUP(C8/3,0) -> Q1 | E8: KH051 | F8: Đỗ Minh Long | G8: Cá nhân | H8: Miền Bắc | I8: Bắc Ninh | J8: Thực phẩm | K8: Hạt dinh dưỡng mix | L8: Website | M8: Bùi Thanh Tùng | N8: 1 | O8: 340000 | P8: 0 | Q8: 220000 | R8: Hoàn thành | S8: =N8*O8*(1-P8) -> 340000 | T8: =N8*Q8 -> 220000 | U8: =S8-T8 -> 120000 | V8: =IF(S8=0,0,U8/S8) -> 0.35294118 | W8: =IF(R8="Hoàn thành",S8,"") -> 340000 | X8: =IF(R8="Hoàn thành",U8,"") -> 120000 | Y8: =WEEKDAY(B8,2) -> 7
A9: DH2025-0008 | B9: 45676 | C9: =MONTH(B9) -> 1 | D9: ="Q"&ROUNDUP(C9/3,0) -> Q1 | E9: KH048 | F9: Phạm Thị Quân | G9: Cá nhân | H9: Miền Bắc | I9: Hải Phòng | J9: Thực phẩm | K9: Cà phê rang xay 1kg | L9: Cửa hàng | M9: Võ Ngọc Lan | N9: 1 | O9: 380000 | P9: 0.05 | Q9: 250000 | R9: Hoàn thành | S9: =N9*O9*(1-P9) -> 361000 | T9: =N9*Q9 -> 250000 | U9: =S9-T9 -> 111000 | V9: =IF(S9=0,0,U9/S9) -> 0.30747922 | W9: =IF(R9="Hoàn thành",S9,"") -> 361000 | X9: =IF(R9="Hoàn thành",U9,"") -> 111000 | Y9: =WEEKDAY(B9,2) -> 7
A10: DH2025-0009 | B10: 45678 | C10: =MONTH(B10) -> 1 | D10: ="Q"&ROUNDUP(C10/3,0) -> Q1 | E10: KH054 | F10: Phan Hoàng Bình | G10: Cá nhân | H10: Miền Trung | I10: Khánh Hòa | J10: Thời trang | K10: Giày thể thao | L10: Website | M10: Lê Thu Hà | N10: 1 | O10: 1500000 | P10: 0.2 | Q10: 800000 | R10: Hoàn thành | S10: =N10*O10*(1-P10) -> 1200000 | T10: =N10*Q10 -> 800000 | U10: =S10-T10 -> 400000 | V10: =IF(S10=0,0,U10/S10) -> 0.33333333 | W10: =IF(R10="Hoàn thành",S10,"") -> 1200000 | X10: =IF(R10="Hoàn thành",U10,"") -> 400000 | Y10: =WEEKDAY(B10,2) -> 2
A11: DH2025-0010 | B11: 45678 | C11: =MONTH(B11) -> 1 | D11: ="Q"&ROUNDUP(C11/3,0) -> Q1 | E11: KH011 | F11: Công ty CP Bình Minh | G11: Doanh nghiệp | H11: Miền Bắc | I11: Quảng Ninh | J11: Thời trang | K11: Áo khoác gió | L11: Đại lý | M11: Võ Ngọc Lan | N11: 8 | O11: 750000 | P11: 0.05 | Q11: 390000 | R11: Đã hủy | S11: =N11*O11*(1-P11) -> 5700000 | T11: =N11*Q11 -> 3120000 | U11: =S11-T11 -> 2580000 | V11: =IF(S11=0,0,U11/S11) -> 0.45263158 | W11: =IF(R11="Hoàn thành",S11,"") | X11: =IF(R11="Hoàn thành",U11,"") | Y11: =WEEKDAY(B11,2) -> 2
A12: DH2025-0011 | B12: 45679 | C12: =MONTH(B12) -> 1 | D12: ="Q"&ROUNDUP(C12/3,0) -> Q1 | E12: KH031 | F12: Vũ Đức Hà | G12: Cá nhân | H12: Miền Nam | I12: Cần Thơ | J12: Thời trang | K12: Túi xách nữ | L12: Website | M12: Nguyễn Minh Anh | N12: 1 | O12: 1140000 | P12: 0.1 | Q12: 620000 | R12: Hoàn thành | S12: =N12*O12*(1-P12) -> 1026000 | T12: =N12*Q12 -> 620000 | U12: =S12-T12 -> 406000 | V12: =IF(S12=0,0,U12/S12) -> 0.3957115 | W12: =IF(R12="Hoàn thành",S12,"") -> 1026000 | X12: =IF(R12="Hoàn thành",U12,"") -> 406000 | Y12: =WEEKDAY(B12,2) -> 3
A13: DH2025-0012 | B13: 45681 | C13: =MONTH(B13) -> 1 | D13: ="Q"&ROUNDUP(C13/3,0) -> Q1 | E13: KH056 | F13: Lê Anh Mai | G13: Cá nhân | H13: Miền Nam | I13: Đồng Nai | J13: Mỹ phẩm | K13: Serum Vitamin C | L13: Website | M13: Đặng Hoàng Nam | N13: 2 | O13: 588000 | P13: 0.1 | Q13: 260000 | R13: Hoàn thành | S13: =N13*O13*(1-P13) -> 1058400 | T13: =N13*Q13 -> 520000 | U13: =S13-T13 -> 538400 | V13: =IF(S13=0,0,U13/S13) -> 0.50869237 | W13: =IF(R13="Hoàn thành",S13,"") -> 1058400 | X13: =IF(R13="Hoàn thành",U13,"") -> 538400 | Y13: =WEEKDAY(B13,2) -> 5
A14: DH2025-0013 | B14: 45681 | C14: =MONTH(B14) -> 1 | D14: ="Q"&ROUNDUP(C14/3,0) -> Q1 | E14: KH040 | F14: Bùi Minh An | G14: Cá nhân | H14: Miền Bắc | I14: Quảng Ninh | J14: Gia dụng | K14: Ấm siêu tốc | L14: Website | M14: Võ Ngọc Lan | N14: 1 | O14: 520000 | P14: 0 | Q14: 310000 | R14: Đã hủy | S14: =N14*O14*(1-P14) -> 520000 | T14: =N14*Q14 -> 310000 | U14: =S14-T14 -> 210000 | V14: =IF(S14=0,0,U14/S14) -> 0.40384615 | W14: =IF(R14="Hoàn thành",S14,"") | X14: =IF(R14="Hoàn thành",U14,"") | Y14: =WEEKDAY(B14,2) -> 5
A15: DH2025-0014 | B15: 45684 | C15: =MONTH(B15) -> 1 | D15: ="Q"&ROUNDUP(C15/3,0) -> Q1 | E15: KH055 | F15: Công ty CP Sao Việt | G15: Doanh nghiệp | H15: Miền Nam | I15: Bình Dương | J15: Điện tử | K15: Tai nghe Bluetooth | L15: Đại lý | M15: Nguyễn Minh Anh | N15: 3 | O15: 808000 | P15: 0.1 | Q15: 520000 | R15: Hoàn thành | S15: =N15*O15*(1-P15) -> 2181600 | T15: =N15*Q15 -> 1560000 | U15: =S15-T15 -> 621600 | V15: =IF(S15=0,0,U15/S15) -> 0.28492849 | W15: =IF(R15="Hoàn thành",S15,"") -> 2181600 | X15: =IF(R15="Hoàn thành",U15,"") -> 621600 | Y15: =WEEKDAY(B15,2) -> 1
A16: DH2025-0015 | B16: 45685 | C16: =MONTH(B16) -> 1 | D16: ="Q"&ROUNDUP(C16/3,0) -> Q1 | E16: KH057 | F16: Huỳnh Thu Hải | G16: Cá nhân | H16: Miền Nam | I16: Bình Dương | J16: Thời trang | K16: Áo khoác gió | L16: Sàn TMĐT | M16: Võ Ngọc Lan | N16: 1 | O16: 750000 | P16: 0 | Q16: 390000 | R16: Hoàn thành | S16: =N16*O16*(1-P16) -> 750000 | T16: =N16*Q16 -> 390000 | U16: =S16-T16 -> 360000 | V16: =IF(S16=0,0,U16/S16) -> 0.48 | W16: =IF(R16="Hoàn thành",S16,"") -> 750000 | X16: =IF(R16="Hoàn thành",U16,"") -> 360000 | Y16: =WEEKDAY(B16,2) -> 2
A17: DH2025-0016 | B17: 45685 | C17: =MONTH(B17) -> 1 | D17: ="Q"&ROUNDUP(C17/3,0) -> Q1 | E17: KH043 | F17: Phạm Hoàng Giang | G17: Cá nhân | H17: Miền Trung | I17: Huế | J17: Thực phẩm | K17: Hạt dinh dưỡng mix | L17: Cửa hàng | M17: Võ Ngọc Lan | N17: 4 | O17: 340000 | P17: 0.15 | Q17: 220000 | R17: Hoàn thành | S17: =N17*O17*(1-P17) -> 1156000 | T17: =N17*Q17 -> 880000 | U17: =S17-T17 -> 276000 | V17: =IF(S17=0,0,U17/S17) -> 0.23875433 | W17: =IF(R17="Hoàn thành",S17,"") -> 1156000 | X17: =IF(R17="Hoàn thành",U17,"") -> 276000 | Y17: =WEEKDAY(B17,2) -> 2
... A201: DH2025-0200 | B201: 46020 | C201: =MONTH(B201) -> 12 | D201: ="Q"&ROUNDUP(C201/3,0) -> Q4 | E201: KH018 | F201: Công ty CP Trường Sơn | G201: Doanh nghiệp | H201: Miền Bắc | I201: Hải Phòng | J201: Điện tử | K201: Bàn phím cơ | L201: Website | M201: Phạm Đức Huy | N201: 5 | O201: 1260000 | P201: 0.1 | Q201: 720000 | R201: Hoàn thành | S201: =N201*O201*(1-P201) -> 5670000 | T201: =N201*Q201 -> 3600000 | U201: =S201-T201 -> 2070000 | V201: =IF(S201=0,0,U201/S201) -> 0.36507937 | W201: =IF(R201="Hoàn thành",S201,"") -> 5670000 | X201: =IF(R201="Hoàn thành",U201,"") -> 2070000 | Y201: =WEEKDAY(B201,2) -> 1

Sheet Thống kê mô tả
A4: 1. Thống kê mô tả giá trị đơn hàng
A5: Chỉ tiêu | B5: Doanh thu / đơn (VNĐ) | C5: Lợi nhuận / đơn (VNĐ) | D5: Diễn giải
A6: Số quan sát (đơn hoàn thành) | B6: =COUNT('Dữ liệu sạch'!$W$2:$W$201) -> 176 | C6: =COUNT('Dữ liệu sạch'!$X$2:$X$201) -> 176
A7: Tổng | B7: =SUM('Dữ liệu sạch'!$W$2:$W$201) -> 346260650 | C7: =SUM('Dữ liệu sạch'!$X$2:$X$201) -> 131000650
A8: Trung bình | B8: =AVERAGE('Dữ liệu sạch'!$W$2:$W$201) -> 1967390.1 | C8: =AVERAGE('Dữ liệu sạch'!$X$2:$X$201) -> 744321.88
A9: Trung vị | B9: =MEDIAN('Dữ liệu sạch'!$W$2:$W$201) -> 1151750 | C9: =MEDIAN('Dữ liệu sạch'!$X$2:$X$201) -> 487250 | D9: =IF(B9<B8,"Trung vị < Trung bình: phân phối lệch phải, một số đơn giá trị rất lớn kéo trung bình lên","Trung vị ≥ Trung bình: phân phối tương đối cân đối") -> Trung vị < Trung bình: phân phối lệch phải, một số đơn giá trị rất lớn kéo trung bình lên
A10: Nhỏ nhất | B10: =MIN('Dữ liệu sạch'!$W$2:$W$201) -> 178500 | C10: =MIN('Dữ liệu sạch'!$X$2:$X$201) -> 52000
A11: Tứ phân vị Q1 (25%) | B11: =QUARTILE('Dữ liệu sạch'!$W$2:$W$201,1) -> 560000 | C11: =QUARTILE('Dữ liệu sạch'!$X$2:$X$201,1) -> 244000
A12: Tứ phân vị Q3 (75%) | B12: =QUARTILE('Dữ liệu sạch'!$W$2:$W$201,3) -> 2198700 | C12: =QUARTILE('Dữ liệu sạch'!$X$2:$X$201,3) -> 828500
A13: Lớn nhất | B13: =MAX('Dữ liệu sạch'!$W$2:$W$201) -> 16957500 | C13: =MAX('Dữ liệu sạch'!$X$2:$X$201) -> 5800000
A14: Độ lệch chuẩn | B14: =STDEV('Dữ liệu sạch'!$W$2:$W$201) -> 2408521.1 | C14: =STDEV('Dữ liệu sạch'!$X$2:$X$201) -> 872038.48
A15: Hệ số biến thiên (CV) | B15: =B14/B8 -> 1.2242214 | C15: =C14/C8 -> 1.1715879 | D15: =IF(B15>1,"CV > 100%: giá trị đơn hàng biến động rất mạnh","CV ≤ 100%: mức biến động vừa phải") -> CV > 100%: giá trị đơn hàng biến động rất mạnh
A16: Độ lệch (Skewness) | B16: =SKEW('Dữ liệu sạch'!$W$2:$W$201) -> 2.9618068 | C16: =SKEW('Dữ liệu sạch'!$X$2:$X$201) -> 2.8453039
A17: Khoảng tứ phân vị (IQR) | B17: =B12-B11 -> 1638700 | C17: =C12-C11 -> 584500
A18: Ngưỡng ngoại lai trên (Q3 + 1,5 × IQR) | B18: =B12+1.5*B17 -> 4656750 | C18: =C12+1.5*C17 -> 1705250
A19: Số đơn ngoại lai | B19: =COUNTIF('Dữ liệu sạch'!$W$2:$W$201,">"&B18) -> 18 | C19: =COUNTIF('Dữ liệu sạch'!$X$2:$X$201,">"&C18) -> 19 | D19: ="Có "&B19&" đơn doanh thu vượt "&TEXT(B18,"#,##0")&" đ: nên phân tích riêng nhóm đơn lớn (thường là khách doanh nghiệp)" -> Có 18 đơn doanh thu vượt 4656750,0 đ: nên phân tích riêng nhóm đơn lớn (thường là khách doanh nghiệp)
A22: 2. Phân phối giá trị đơn hàng (histogram)
A23: Khoảng doanh thu / đơn | B23: Từ (≥, VNĐ) | C23: Đến (<, VNĐ) | D23: Số đơn | E23: Tỷ lệ
A24: Dưới 500 nghìn | B24: 0 | C24: 500000 | D24: =COUNTIFS('Dữ liệu sạch'!$W$2:$W$201,">="&B24,'Dữ liệu sạch'!$W$2:$W$201,"<"&C24) -> 35 | E24: =D24/$D$30 -> 0.19886364
A25: 500 nghìn – 1 triệu | B25: 500000 | C25: 1000000 | D25: =COUNTIFS('Dữ liệu sạch'!$W$2:$W$201,">="&B25,'Dữ liệu sạch'!$W$2:$W$201,"<"&C25) -> 44 | E25: =D25/$D$30 -> 0.25
A26: 1 – 2 triệu | B26: 1000000 | C26: 2000000 | D26: =COUNTIFS('Dữ liệu sạch'!$W$2:$W$201,">="&B26,'Dữ liệu sạch'!$W$2:$W$201,"<"&C26) -> 43 | E26: =D26/$D$30 -> 0.24431818
A27: 2 – 5 triệu | B27: 2000000 | C27: 5000000 | D27: =COUNTIFS('Dữ liệu sạch'!$W$2:$W$201,">="&B27,'Dữ liệu sạch'!$W$2:$W$201,"<"&C27) -> 37 | E27: =D27/$D$30 -> 0.21022727
A28: 5 – 10 triệu | B28: 5000000 | C28: 10000000 | D28: =COUNTIFS('Dữ liệu sạch'!$W$2:$W$201,">="&B28,'Dữ liệu sạch'!$W$2:$W$201,"<"&C28) -> 13 | E28: =D28/$D$30 -> 0.073863636
A29: Từ 10 triệu trở lên | B29: 10000000 | C29: 1000000000000 | D29: =COUNTIFS('Dữ liệu sạch'!$W$2:$W$201,">="&B29,'Dữ liệu sạch'!$W$2:$W$201,"<"&C29) -> 4 | E29: =D29/$D$30 -> 0.022727273
A30: Tổng | D30: =SUM(D24:D29) -> 176 | E30: =SUM(E24:E29) -> 1
A33: 3. Cơ cấu trạng thái đơn hàng
A34: Trạng thái | B34: Số đơn | C34: Tỷ lệ | D34: Nhận xét
A35: Hoàn thành | B35: =COUNTIF('Dữ liệu sạch'!$R$2:$R$201,A35) -> 176 | C35: =B35/$B$38 -> 0.88 | D35: Đơn tạo ra doanh thu và lợi nhuận
A36: Đã hủy | B36: =COUNTIF('Dữ liệu sạch'!$R$2:$R$201,A36) -> 12 | C36: =B36/$B$38 -> 0.06 | D36: Đơn khách hủy trước khi giao
A37: Hoàn trả | B37: =COUNTIF('Dữ liệu sạch'!$R$2:$R$201,A37) -> 12 | C37: =B37/$B$38 -> 0.06 | D37: Đơn đã giao nhưng khách trả lại
A38: Tổng | B38: =SUM(B35:B37) -> 200 | C38: =SUM(C35:C37) -> 1
A40: 4. Tương quan giữa các biến (tính trên toàn bộ 200 đơn)
A41: Cặp biến | B41: Hệ số tương quan r | C41: Mức độ | D41: Diễn giải
A42: Giảm giá ↔ Số lượng | B42: =CORREL('Dữ liệu sạch'!$P$2:$P$201,'Dữ liệu sạch'!$N$2:$N$201) -> 0.088519254 | C42: =IF(ABS(B42)<0.2,"Rất yếu",IF(ABS(B42)<0.4,"Yếu",IF(ABS(B42)<0.6,"Trung bình","Mạnh")))&IF(B42<0," (nghịch)"," (thuận)") -> Rất yếu (thuận) | D42: Giảm giá có kéo số lượng mua tăng không?
A43: Giảm giá ↔ Biên lợi nhuận | B43: =CORREL('Dữ liệu sạch'!$P$2:$P$201,'Dữ liệu sạch'!$V$2:$V$201) -> -0.47751254 | C43: =IF(ABS(B43)<0.2,"Rất yếu",IF(ABS(B43)<0.4,"Yếu",IF(ABS(B43)<0.6,"Trung bình","Mạnh")))&IF(B43<0," (nghịch)"," (thuận)") -> Trung bình (nghịch) | D43: r âm: giảm giá càng sâu, biên lợi nhuận càng thấp
A44: Số lượng ↔ Doanh thu | B44: =CORREL('Dữ liệu sạch'!$N$2:$N$201,'Dữ liệu sạch'!$S$2:$S$201) -> 0.73621078 | C44: =IF(ABS(B44)<0.2,"Rất yếu",IF(ABS(B44)<0.4,"Yếu",IF(ABS(B44)<0.6,"Trung bình","Mạnh")))&IF(B44<0," (nghịch)"," (thuận)") -> Mạnh (thuận) | D44: Doanh thu phụ thuộc bao nhiêu vào số lượng mua

Sheet PT Thời gian
A4: 1. Doanh thu theo tháng
A5: Tháng | B5: Số tháng | C5: Số đơn hoàn thành | D5: Doanh thu (VNĐ) | E5: Lợi nhuận (VNĐ) | F5: Biên LN | G5: Giá trị đơn TB (VNĐ) | H5: Tăng trưởng so tháng trước | I5: Doanh thu TB động 3 tháng
A6: Tháng 1 | B6: 1 | C6: =COUNTIFS('Dữ liệu sạch'!$C$2:$C$201,$B6,'Dữ liệu sạch'!$R$2:$R$201,"Hoàn thành") -> 13 | D6: =SUMIFS('Dữ liệu sạch'!$W$2:$W$201,'Dữ liệu sạch'!$C$2:$C$201,$B6) -> 12475600 | E6: =SUMIFS('Dữ liệu sạch'!$X$2:$X$201,'Dữ liệu sạch'!$C$2:$C$201,$B6) -> 4725600 | F6: =IF(D6=0,0,E6/D6) -> 0.37878739 | G6: =IF(C6=0,0,D6/C6) -> 959661.54 | H6: – | I6: –
A7: Tháng 2 | B7: 2 | C7: =COUNTIFS('Dữ liệu sạch'!$C$2:$C$201,$B7,'Dữ liệu sạch'!$R$2:$R$201,"Hoàn thành") -> 5 | D7: =SUMIFS('Dữ liệu sạch'!$W$2:$W$201,'Dữ liệu sạch'!$C$2:$C$201,$B7) -> 9850700 | E7: =SUMIFS('Dữ liệu sạch'!$X$2:$X$201,'Dữ liệu sạch'!$C$2:$C$201,$B7) -> 3800700 | F7: =IF(D7=0,0,E7/D7) -> 0.38583045 | G7: =IF(C7=0,0,D7/C7) -> 1970140 | H7: =IF(D6=0,0,D7/D6-1) -> -0.21040271 | I7: –
A8: Tháng 3 | B8: 3 | C8: =COUNTIFS('Dữ liệu sạch'!$C$2:$C$201,$B8,'Dữ liệu sạch'!$R$2:$R$201,"Hoàn thành") -> 17 | D8: =SUMIFS('Dữ liệu sạch'!$W$2:$W$201,'Dữ liệu sạch'!$C$2:$C$201,$B8) -> 50366500 | E8: =SUMIFS('Dữ liệu sạch'!$X$2:$X$201,'Dữ liệu sạch'!$C$2:$C$201,$B8) -> 15906500 | F8: =IF(D8=0,0,E8/D8) -> 0.31581508 | G8: =IF(C8=0,0,D8/C8) -> 2962735.3 | H8: =IF(D7=0,0,D8/D7-1) -> 4.1129869 | I8: =AVERAGE(D6:D8) -> 24230933
A9: Tháng 4 | B9: 4 | C9: =COUNTIFS('Dữ liệu sạch'!$C$2:$C$201,$B9,'Dữ liệu sạch'!$R$2:$R$201,"Hoàn thành") -> 12 | D9: =SUMIFS('Dữ liệu sạch'!$W$2:$W$201,'Dữ liệu sạch'!$C$2:$C$201,$B9) -> 20054200 | E9: =SUMIFS('Dữ liệu sạch'!$X$2:$X$201,'Dữ liệu sạch'!$C$2:$C$201,$B9) -> 7844200 | F9: =IF(D9=0,0,E9/D9) -> 0.39114998 | G9: =IF(C9=0,0,D9/C9) -> 1671183.3 | H9: =IF(D8=0,0,D9/D8-1) -> -0.60183455 | I9: =AVERAGE(D7:D9) -> 26757133
A10: Tháng 5 | B10: 5 | C10: =COUNTIFS('Dữ liệu sạch'!$C$2:$C$201,$B10,'Dữ liệu sạch'!$R$2:$R$201,"Hoàn thành") -> 13 | D10: =SUMIFS('Dữ liệu sạch'!$W$2:$W$201,'Dữ liệu sạch'!$C$2:$C$201,$B10) -> 17846350 | E10: =SUMIFS('Dữ liệu sạch'!$X$2:$X$201,'Dữ liệu sạch'!$C$2:$C$201,$B10) -> 7896350 | F10: =IF(D10=0,0,E10/D10) -> 0.44246302 | G10: =IF(C10=0,0,D10/C10) -> 1372796.2 | H10: =IF(D9=0,0,D10/D9-1) -> -0.11009414 | I10: =AVERAGE(D8:D10) -> 29422350
A11: Tháng 6 | B11: 6 | C11: =COUNTIFS('Dữ liệu sạch'!$C$2:$C$201,$B11,'Dữ liệu sạch'!$R$2:$R$201,"Hoàn thành") -> 15 | D11: =SUMIFS('Dữ liệu sạch'!$W$2:$W$201,'Dữ liệu sạch'!$C$2:$C$201,$B11) -> 25664500 | E11: =SUMIFS('Dữ liệu sạch'!$X$2:$X$201,'Dữ liệu sạch'!$C$2:$C$201,$B11) -> 11494500 | F11: =IF(D11=0,0,E11/D11) -> 0.44787547 | G11: =IF(C11=0,0,D11/C11) -> 1710966.7 | H11: =IF(D10=0,0,D11/D10-1) -> 0.43808118 | I11: =AVERAGE(D9:D11) -> 21188350
A12: Tháng 7 | B12: 7 | C12: =COUNTIFS('Dữ liệu sạch'!$C$2:$C$201,$B12,'Dữ liệu sạch'!$R$2:$R$201,"Hoàn thành") -> 13 | D12: =SUMIFS('Dữ liệu sạch'!$W$2:$W$201,'Dữ liệu sạch'!$C$2:$C$201,$B12) -> 33776500 | E12: =SUMIFS('Dữ liệu sạch'!$X$2:$X$201,'Dữ liệu sạch'!$C$2:$C$201,$B12) -> 12676500 | F12: =IF(D12=0,0,E12/D12) -> 0.37530532 | G12: =IF(C12=0,0,D12/C12) -> 2598192.3 | H12: =IF(D11=0,0,D12/D11-1) -> 0.31607863 | I12: =AVERAGE(D10:D12) -> 25762450
A13: Tháng 8 | B13: 8 | C13: =COUNTIFS('Dữ liệu sạch'!$C$2:$C$201,$B13,'Dữ liệu sạch'!$R$2:$R$201,"Hoàn thành") -> 16 | D13: =SUMIFS('Dữ liệu sạch'!$W$2:$W$201,'Dữ liệu sạch'!$C$2:$C$201,$B13) -> 19911000 | E13: =SUMIFS('Dữ liệu sạch'!$X$2:$X$201,'Dữ liệu sạch'!$C$2:$C$201,$B13) -> 7441000 | F13: =IF(D13=0,0,E13/D13) -> 0.37371302 | G13: =IF(C13=0,0,D13/C13) -> 1244437.5 | H13: =IF(D12=0,0,D13/D12-1) -> -0.41050731 | I13: =AVERAGE(D11:D13) -> 26450667
A14: Tháng 9 | B14: 9 | C14: =COUNTIFS('Dữ liệu sạch'!$C$2:$C$201,$B14,'Dữ liệu sạch'!$R$2:$R$201,"Hoàn thành") -> 15 | D14: =SUMIFS('Dữ liệu sạch'!$W$2:$W$201,'Dữ liệu sạch'!$C$2:$C$201,$B14) -> 42028450 | E14: =SUMIFS('Dữ liệu sạch'!$X$2:$X$201,'Dữ liệu sạch'!$C$2:$C$201,$B14) -> 15618450 | F14: =IF(D14=0,0,E14/D14) -> 0.37161613 | G14: =IF(C14=0,0,D14/C14) -> 2801896.7 | H14: =IF(D13=0,0,D14/D13-1) -> 1.1108156 | I14: =AVERAGE(D12:D14) -> 31905317
A15: Tháng 10 | B15: 10 | C15: =COUNTIFS('Dữ liệu sạch'!$C$2:$C$201,$B15,'Dữ liệu sạch'!$R$2:$R$201,"Hoàn thành") -> 13 | D15: =SUMIFS('Dữ liệu sạch'!$W$2:$W$201,'Dữ liệu sạch'!$C$2:$C$201,$B15) -> 34703050 | E15: =SUMIFS('Dữ liệu sạch'!$X$2:$X$201,'Dữ liệu sạch'!$C$2:$C$201,$B15) -> 13223050 | F15: =IF(D15=0,0,E15/D15) -> 0.38103423 | G15: =IF(C15=0,0,D15/C15) -> 2669465.4 | H15: =IF(D14=0,0,D15/D14-1) -> -0.17429622 | I15: =AVERAGE(D13:D15) -> 32214167
A16: Tháng 11 | B16: 11 | C16: =COUNTIFS('Dữ liệu sạch'!$C$2:$C$201,$B16,'Dữ liệu sạch'!$R$2:$R$201,"Hoàn thành") -> 12 | D16: =SUMIFS('Dữ liệu sạch'!$W$2:$W$201,'Dữ liệu sạch'!$C$2:$C$201,$B16) -> 15014200 | E16: =SUMIFS('Dữ liệu sạch'!$X$2:$X$201,'Dữ liệu sạch'!$C$2:$C$201,$B16) -> 5874200 | F16: =IF(D16=0,0,E16/D16) -> 0.39124296 | G16: =IF(C16=0,0,D16/C16) -> 1251183.3 | H16: =IF(D15=0,0,D16/D15-1) -> -0.56735215 | I16: =AVERAGE(D14:D16) -> 30581900
A17: Tháng 12 | B17: 12 | C17: =COUNTIFS('Dữ liệu sạch'!$C$2:$C$201,$B17,'Dữ liệu sạch'!$R$2:$R$201,"Hoàn thành") -> 32 | D17: =SUMIFS('Dữ liệu sạch'!$W$2:$W$201,'Dữ liệu sạch'!$C$2:$C$201,$B17) -> 64569600 | E17: =SUMIFS('Dữ liệu sạch'!$X$2:$X$201,'Dữ liệu sạch'!$C$2:$C$201,$B17) -> 24499600 | F17: =IF(D17=0,0,E17/D17) -> 0.37942933 | G17: =IF(C17=0,0,D17/C17) -> 2017800 | H17: =IF(D16=0,0,D17/D16-1) -> 3.3005688 | I17: =AVERAGE(D15:D17) -> 38095617
A18: Cả năm | C18: =SUM(C6:C17) -> 176 | D18: =SUM(D6:D17) -> 346260650 | E18: =SUM(E6:E17) -> 131000650 | F18: =IF(D18=0,0,E18/D18) -> 0.37832959 | G18: =IF(C18=0,0,D18/C18) -> 1967390.1
A21: 2. Doanh thu theo quý
A22: Quý | B22: Số đơn hoàn thành | C22: Doanh thu (VNĐ) | D22: Lợi nhuận (VNĐ) | E22: Biên LN | F22: Tăng trưởng so quý trước | G22: Tỷ trọng doanh thu
A23: Q1 | B23: =COUNTIFS('Dữ liệu sạch'!$D$2:$D$201,$A23,'Dữ liệu sạch'!$R$2:$R$201,"Hoàn thành") -> 35 | C23: =SUMIFS('Dữ liệu sạch'!$W$2:$W$201,'Dữ liệu sạch'!$D$2:$D$201,$A23) -> 72692800 | D23: =SUMIFS('Dữ liệu sạch'!$X$2:$X$201,'Dữ liệu sạch'!$D$2:$D$201,$A23) -> 24432800 | E23: =IF(C23=0,0,D23/C23) -> 0.33611032 | F23: – | G23: =C23/$C$27 -> 0.20993665
A24: Q2 | B24: =COUNTIFS('Dữ liệu sạch'!$D$2:$D$201,$A24,'Dữ liệu sạch'!$R$2:$R$201,"Hoàn thành") -> 40 | C24: =SUMIFS('Dữ liệu sạch'!$W$2:$W$201,'Dữ liệu sạch'!$D$2:$D$201,$A24) -> 63565050 | D24: =SUMIFS('Dữ liệu sạch'!$X$2:$X$201,'Dữ liệu sạch'!$D$2:$D$201,$A24) -> 27235050 | E24: =IF(C24=0,0,D24/C24) -> 0.42845951 | F24: =IF(C23=0,0,C24/C23-1) -> -0.12556608 | G24: =C24/$C$27 -> 0.18357573
A25: Q3 | B25: =COUNTIFS('Dữ liệu sạch'!$D$2:$D$201,$A25,'Dữ liệu sạch'!$R$2:$R$201,"Hoàn thành") -> 44 | C25: =SUMIFS('Dữ liệu sạch'!$W$2:$W$201,'Dữ liệu sạch'!$D$2:$D$201,$A25) -> 95715950 | D25: =SUMIFS('Dữ liệu sạch'!$X$2:$X$201,'Dữ liệu sạch'!$D$2:$D$201,$A25) -> 35735950 | E25: =IF(C25=0,0,D25/C25) -> 0.37335418 | F25: =IF(C24=0,0,C25/C24-1) -> 0.50579524 | G25: =C25/$C$27 -> 0.27642745
A26: Q4 | B26: =COUNTIFS('Dữ liệu sạch'!$D$2:$D$201,$A26,'Dữ liệu sạch'!$R$2:$R$201,"Hoàn thành") -> 57 | C26: =SUMIFS('Dữ liệu sạch'!$W$2:$W$201,'Dữ liệu sạch'!$D$2:$D$201,$A26) -> 114286850 | D26: =SUMIFS('Dữ liệu sạch'!$X$2:$X$201,'Dữ liệu sạch'!$D$2:$D$201,$A26) -> 43596850 | E26: =IF(C26=0,0,D26/C26) -> 0.38146865 | F26: =IF(C25=0,0,C26/C25-1) -> 0.19402095 | G26: =C26/$C$27 -> 0.33006017
A27: Cả năm | B27: =SUM(B23:B26) -> 176 | C27: =SUM(C23:C26) -> 346260650 | D27: =SUM(D23:D26) -> 131000650 | E27: =IF(C27=0,0,D27/C27) -> 0.37832959 | G27: =SUM(G23:G26) -> 1
A30: 3. Doanh thu theo thứ trong tuần
A31: Thứ | B31: Mã thứ (1=T2) | C31: Số đơn hoàn thành | D31: Doanh thu (VNĐ) | E31: Tỷ trọng | F31: Doanh thu TB / đơn (VNĐ)
A32: Thứ 2 | B32: 1 | C32: =COUNTIFS('Dữ liệu sạch'!$Y$2:$Y$201,$B32,'Dữ liệu sạch'!$R$2:$R$201,"Hoàn thành") -> 26 | D32: =SUMIFS('Dữ liệu sạch'!$W$2:$W$201,'Dữ liệu sạch'!$Y$2:$Y$201,$B32) -> 50316850 | E32: =D32/$D$39 -> 0.14531495 | F32: =IF(C32=0,0,D32/C32) -> 1935263.5
A33: Thứ 3 | B33: 2 | C33: =COUNTIFS('Dữ liệu sạch'!$Y$2:$Y$201,$B33,'Dữ liệu sạch'!$R$2:$R$201,"Hoàn thành") -> 22 | D33: =SUMIFS('Dữ liệu sạch'!$W$2:$W$201,'Dữ liệu sạch'!$Y$2:$Y$201,$B33) -> 37562300 | E33: =D33/$D$39 -> 0.10847984 | F33: =IF(C33=0,0,D33/C33) -> 1707377.3
A34: Thứ 4 | B34: 3 | C34: =COUNTIFS('Dữ liệu sạch'!$Y$2:$Y$201,$B34,'Dữ liệu sạch'!$R$2:$R$201,"Hoàn thành") -> 25 | D34: =SUMIFS('Dữ liệu sạch'!$W$2:$W$201,'Dữ liệu sạch'!$Y$2:$Y$201,$B34) -> 53645700 | E34: =D34/$D$39 -> 0.15492866 | F34: =IF(C34=0,0,D34/C34) -> 2145828
A35: Thứ 5 | B35: 4 | C35: =COUNTIFS('Dữ liệu sạch'!$Y$2:$Y$201,$B35,'Dữ liệu sạch'!$R$2:$R$201,"Hoàn thành") -> 31 | D35: =SUMIFS('Dữ liệu sạch'!$W$2:$W$201,'Dữ liệu sạch'!$Y$2:$Y$201,$B35) -> 74583700 | E35: =D35/$D$39 -> 0.21539756 | F35: =IF(C35=0,0,D35/C35) -> 2405925.8
A36: Thứ 6 | B36: 5 | C36: =COUNTIFS('Dữ liệu sạch'!$Y$2:$Y$201,$B36,'Dữ liệu sạch'!$R$2:$R$201,"Hoàn thành") -> 26 | D36: =SUMIFS('Dữ liệu sạch'!$W$2:$W$201,'Dữ liệu sạch'!$Y$2:$Y$201,$B36) -> 60623800 | E36: =D36/$D$39 -> 0.1750814 | F36: =IF(C36=0,0,D36/C36) -> 2331684.6
A37: Thứ 7 | B37: 6 | C37: =COUNTIFS('Dữ liệu sạch'!$Y$2:$Y$201,$B37,'Dữ liệu sạch'!$R$2:$R$201,"Hoàn thành") -> 20 | D37: =SUMIFS('Dữ liệu sạch'!$W$2:$W$201,'Dữ liệu sạch'!$Y$2:$Y$201,$B37) -> 35486500 | E37: =D37/$D$39 -> 0.10248493 | F37: =IF(C37=0,0,D37/C37) -> 1774325
A38: Chủ nhật | B38: 7 | C38: =COUNTIFS('Dữ liệu sạch'!$Y$2:$Y$201,$B38,'Dữ liệu sạch'!$R$2:$R$201,"Hoàn thành") -> 26 | D38: =SUMIFS('Dữ liệu sạch'!$W$2:$W$201,'Dữ liệu sạch'!$Y$2:$Y$201,$B38) -> 34041800 | E38: =D38/$D$39 -> 0.098312644 | F38: =IF(C38=0,0,D38/C38) -> 1309300
A39: Tổng | C39: =SUM(C32:C38) -> 176 | D39: =SUM(D32:D38) -> 346260650 | E39: =SUM(E32:E38) -> 1 | F39: =IF(C39=0,0,D39/C39) -> 1967390.1
A42: 4. Dự báo tham khảo 3 tháng đầu năm sau (hồi quy tuyến tính)
A43: Tháng dự báo | B43: x (số tháng) | C43: Doanh thu dự báo (VNĐ)
A44: Tháng 1/2026 | B44: 13 | C44: =FORECAST(B44,$D$6:$D$17,$B$6:$B$17) -> 43265021
A45: Tháng 2/2026 | B45: 14 | C45: =FORECAST(B45,$D$6:$D$17,$B$6:$B$17) -> 45481939
A46: Tháng 3/2026 | B46: 15 | C46: =FORECAST(B46,$D$6:$D$17,$B$6:$B$17) -> 47698857
A47: R² của mô hình | C47: =RSQ(D6:D17,B6:B17) -> 0.22817829

Sheet PT Sản phẩm
A4: 1. Theo danh mục
A5: Danh mục | B5: Số đơn hoàn thành | C5: Số lượng bán | D5: Doanh thu (VNĐ) | E5: Tỷ trọng | F5: Lợi nhuận (VNĐ) | G5: Biên LN
A6: Điện tử | B6: =COUNTIFS('Dữ liệu sạch'!$J$2:$J$201,$A6,'Dữ liệu sạch'!$R$2:$R$201,"Hoàn thành") -> 41 | C6: =SUMIFS('Dữ liệu sạch'!$N$2:$N$201,'Dữ liệu sạch'!$J$2:$J$201,$A6,'Dữ liệu sạch'!$R$2:$R$201,"Hoàn thành") -> 101 | D6: =SUMIFS('Dữ liệu sạch'!$W$2:$W$201,'Dữ liệu sạch'!$J$2:$J$201,$A6) -> 100920800 | E6: =D6/$D$11 -> 0.29145905 | F6: =SUMIFS('Dữ liệu sạch'!$X$2:$X$201,'Dữ liệu sạch'!$J$2:$J$201,$A6) -> 33150800 | G6: =IF(D6=0,0,F6/D6) -> 0.32848333
A7: Gia dụng | B7: =COUNTIFS('Dữ liệu sạch'!$J$2:$J$201,$A7,'Dữ liệu sạch'!$R$2:$R$201,"Hoàn thành") -> 29 | C7: =SUMIFS('Dữ liệu sạch'!$N$2:$N$201,'Dữ liệu sạch'!$J$2:$J$201,$A7,'Dữ liệu sạch'!$R$2:$R$201,"Hoàn thành") -> 62 | D7: =SUMIFS('Dữ liệu sạch'!$W$2:$W$201,'Dữ liệu sạch'!$J$2:$J$201,$A7) -> 83303300 | E7: =D7/$D$11 -> 0.24057975 | F7: =SUMIFS('Dữ liệu sạch'!$X$2:$X$201,'Dữ liệu sạch'!$J$2:$J$201,$A7) -> 26883300 | G7: =IF(D7=0,0,F7/D7) -> 0.32271591
A8: Thời trang | B8: =COUNTIFS('Dữ liệu sạch'!$J$2:$J$201,$A8,'Dữ liệu sạch'!$R$2:$R$201,"Hoàn thành") -> 55 | C8: =SUMIFS('Dữ liệu sạch'!$N$2:$N$201,'Dữ liệu sạch'!$J$2:$J$201,$A8,'Dữ liệu sạch'!$R$2:$R$201,"Hoàn thành") -> 146 | D8: =SUMIFS('Dữ liệu sạch'!$W$2:$W$201,'Dữ liệu sạch'!$J$2:$J$201,$A8) -> 129392600 | E8: =D8/$D$11 -> 0.37368555 | F8: =SUMIFS('Dữ liệu sạch'!$X$2:$X$201,'Dữ liệu sạch'!$J$2:$J$201,$A8) -> 56562600 | G8: =IF(D8=0,0,F8/D8) -> 0.43713937
A9: Mỹ phẩm | B9: =COUNTIFS('Dữ liệu sạch'!$J$2:$J$201,$A9,'Dữ liệu sạch'!$R$2:$R$201,"Hoàn thành") -> 29 | C9: =SUMIFS('Dữ liệu sạch'!$N$2:$N$201,'Dữ liệu sạch'!$J$2:$J$201,$A9,'Dữ liệu sạch'!$R$2:$R$201,"Hoàn thành") -> 58 | D9: =SUMIFS('Dữ liệu sạch'!$W$2:$W$201,'Dữ liệu sạch'!$J$2:$J$201,$A9) -> 19240500 | E9: =D9/$D$11 -> 0.055566522 | F9: =SUMIFS('Dữ liệu sạch'!$X$2:$X$201,'Dữ liệu sạch'!$J$2:$J$201,$A9) -> 10010500 | G9: =IF(D9=0,0,F9/D9) -> 0.52028274
A10: Thực phẩm | B10: =COUNTIFS('Dữ liệu sạch'!$J$2:$J$201,$A10,'Dữ liệu sạch'!$R$2:$R$201,"Hoàn thành") -> 22 | C10: =SUMIFS('Dữ liệu sạch'!$N$2:$N$201,'Dữ liệu sạch'!$J$2:$J$201,$A10,'Dữ liệu sạch'!$R$2:$R$201,"Hoàn thành") -> 46 | D10: =SUMIFS('Dữ liệu sạch'!$W$2:$W$201,'Dữ liệu sạch'!$J$2:$J$201,$A10) -> 13403450 | E10: =D10/$D$11 -> 0.038709134 | F10: =SUMIFS('Dữ liệu sạch'!$X$2:$X$201,'Dữ liệu sạch'!$J$2:$J$201,$A10) -> 4393450 | G10: =IF(D10=0,0,F10/D10) -> 0.32778501
A11: Tổng | B11: =SUM(B6:B10) -> 176 | C11: =SUM(C6:C10) -> 413 | D11: =SUM(D6:D10) -> 346260650 | E11: =SUM(E6:E10) -> 1 | F11: =SUM(F6:F10) -> 131000650 | G11: =IF(D11=0,0,F11/D11) -> 0.37832959
A13: 2. Theo sản phẩm
A14: Sản phẩm | B14: Danh mục | C14: Số lượng bán | D14: Doanh thu (VNĐ) | E14: Lợi nhuận (VNĐ) | F14: Biên LN | G14: Điểm xếp hạng (cột phụ)
A15: Tai nghe Bluetooth | B15: Điện tử | C15: =SUMIFS('Dữ liệu sạch'!$N$2:$N$201,'Dữ liệu sạch'!$K$2:$K$201,$A15,'Dữ liệu sạch'!$R$2:$R$201,"Hoàn thành") -> 14 | D15: =SUMIFS('Dữ liệu sạch'!$W$2:$W$201,'Dữ liệu sạch'!$K$2:$K$201,$A15) -> 10812800 | E15: =SUMIFS('Dữ liệu sạch'!$X$2:$X$201,'Dữ liệu sạch'!$K$2:$K$201,$A15) -> 3532800 | F15: =IF(D15=0,0,E15/D15) -> 0.32672388 | G15: =D15+ROW()/1000000 -> 10812800
A16: Loa thông minh | B16: Điện tử | C16: =SUMIFS('Dữ liệu sạch'!$N$2:$N$201,'Dữ liệu sạch'!$K$2:$K$201,$A16,'Dữ liệu sạch'!$R$2:$R$201,"Hoàn thành") -> 25 | D16: =SUMIFS('Dữ liệu sạch'!$W$2:$W$201,'Dữ liệu sạch'!$K$2:$K$201,$A16) -> 42892500 | E16: =SUMIFS('Dữ liệu sạch'!$X$2:$X$201,'Dữ liệu sạch'!$K$2:$K$201,$A16) -> 12892500 | F16: =IF(D16=0,0,E16/D16) -> 0.30057702 | G16: =D16+ROW()/1000000 -> 42892500
A17: Bàn phím cơ | B17: Điện tử | C17: =SUMIFS('Dữ liệu sạch'!$N$2:$N$201,'Dữ liệu sạch'!$K$2:$K$201,$A17,'Dữ liệu sạch'!$R$2:$R$201,"Hoàn thành") -> 27 | D17: =SUMIFS('Dữ liệu sạch'!$W$2:$W$201,'Dữ liệu sạch'!$K$2:$K$201,$A17) -> 29013000 | E17: =SUMIFS('Dữ liệu sạch'!$X$2:$X$201,'Dữ liệu sạch'!$K$2:$K$201,$A17) -> 9573000 | F17: =IF(D17=0,0,E17/D17) -> 0.32995554 | G17: =D17+ROW()/1000000 -> 29013000
A18: Chuột không dây | B18: Điện tử | C18: =SUMIFS('Dữ liệu sạch'!$N$2:$N$201,'Dữ liệu sạch'!$K$2:$K$201,$A18,'Dữ liệu sạch'!$R$2:$R$201,"Hoàn thành") -> 22 | D18: =SUMIFS('Dữ liệu sạch'!$W$2:$W$201,'Dữ liệu sạch'!$K$2:$K$201,$A18) -> 9422800 | E18: =SUMIFS('Dữ liệu sạch'!$X$2:$X$201,'Dữ liệu sạch'!$K$2:$K$201,$A18) -> 3702800 | F18: =IF(D18=0,0,E18/D18) -> 0.39296175 | G18: =D18+ROW()/1000000 -> 9422800
A19: Sạc dự phòng 20000mAh | B19: Điện tử | C19: =SUMIFS('Dữ liệu sạch'!$N$2:$N$201,'Dữ liệu sạch'!$K$2:$K$201,$A19,'Dữ liệu sạch'!$R$2:$R$201,"Hoàn thành") -> 13 | D19: =SUMIFS('Dữ liệu sạch'!$W$2:$W$201,'Dữ liệu sạch'!$K$2:$K$201,$A19) -> 8779700 | E19: =SUMIFS('Dữ liệu sạch'!$X$2:$X$201,'Dữ liệu sạch'!$K$2:$K$201,$A19) -> 3449700 | F19: =IF(D19=0,0,E19/D19) -> 0.39291775 | G19: =D19+ROW()/1000000 -> 8779700
A20: Nồi chiên không dầu | B20: Gia dụng | C20: =SUMIFS('Dữ liệu sạch'!$N$2:$N$201,'Dữ liệu sạch'!$K$2:$K$201,$A20,'Dữ liệu sạch'!$R$2:$R$201,"Hoàn thành") -> 18 | D20: =SUMIFS('Dữ liệu sạch'!$W$2:$W$201,'Dữ liệu sạch'!$K$2:$K$201,$A20) -> 40296000 | E20: =SUMIFS('Dữ liệu sạch'!$X$2:$X$201,'Dữ liệu sạch'!$K$2:$K$201,$A20) -> 12396000 | F20: =IF(D20=0,0,E20/D20) -> 0.30762359 | G20: =D20+ROW()/1000000 -> 40296000
A21: Máy hút bụi mini | B21: Gia dụng | C21: =SUMIFS('Dữ liệu sạch'!$N$2:$N$201,'Dữ liệu sạch'!$K$2:$K$201,$A21,'Dữ liệu sạch'!$R$2:$R$201,"Hoàn thành") -> 14 | D21: =SUMIFS('Dữ liệu sạch'!$W$2:$W$201,'Dữ liệu sạch'!$K$2:$K$201,$A21) -> 20320000 | E21: =SUMIFS('Dữ liệu sạch'!$X$2:$X$201,'Dữ liệu sạch'!$K$2:$K$201,$A21) -> 6320000 | F21: =IF(D21=0,0,E21/D21) -> 0.31102362 | G21: =D21+ROW()/1000000 -> 20320000
A22: Ấm siêu tốc | B22: Gia dụng | C22: =SUMIFS('Dữ liệu sạch'!$N$2:$N$201,'Dữ liệu sạch'!$K$2:$K$201,$A22,'Dữ liệu sạch'!$R$2:$R$201,"Hoàn thành") -> 12 | D22: =SUMIFS('Dữ liệu sạch'!$W$2:$W$201,'Dữ liệu sạch'!$K$2:$K$201,$A22) -> 5738200 | E22: =SUMIFS('Dữ liệu sạch'!$X$2:$X$201,'Dữ liệu sạch'!$K$2:$K$201,$A22) -> 2018200 | F22: =IF(D22=0,0,E22/D22) -> 0.35171308 | G22: =D22+ROW()/1000000 -> 5738200
A23: Máy xay sinh tố | B23: Gia dụng | C23: =SUMIFS('Dữ liệu sạch'!$N$2:$N$201,'Dữ liệu sạch'!$K$2:$K$201,$A23,'Dữ liệu sạch'!$R$2:$R$201,"Hoàn thành") -> 18 | D23: =SUMIFS('Dữ liệu sạch'!$W$2:$W$201,'Dữ liệu sạch'!$K$2:$K$201,$A23) -> 16949100 | E23: =SUMIFS('Dữ liệu sạch'!$X$2:$X$201,'Dữ liệu sạch'!$K$2:$K$201,$A23) -> 6149100 | F23: =IF(D23=0,0,E23/D23) -> 0.36279802 | G23: =D23+ROW()/1000000 -> 16949100
A24: Áo thun nam | B24: Thời trang | C24: =SUMIFS('Dữ liệu sạch'!$N$2:$N$201,'Dữ liệu sạch'!$K$2:$K$201,$A24,'Dữ liệu sạch'!$R$2:$R$201,"Hoàn thành") -> 25 | D24: =SUMIFS('Dữ liệu sạch'!$W$2:$W$201,'Dữ liệu sạch'!$K$2:$K$201,$A24) -> 6563200 | E24: =SUMIFS('Dữ liệu sạch'!$X$2:$X$201,'Dữ liệu sạch'!$K$2:$K$201,$A24) -> 3313200 | F24: =IF(D24=0,0,E24/D24) -> 0.50481472 | G24: =D24+ROW()/1000000 -> 6563200
A25: Giày thể thao | B25: Thời trang | C25: =SUMIFS('Dữ liệu sạch'!$N$2:$N$201,'Dữ liệu sạch'!$K$2:$K$201,$A25,'Dữ liệu sạch'!$R$2:$R$201,"Hoàn thành") -> 26 | D25: =SUMIFS('Dữ liệu sạch'!$W$2:$W$201,'Dữ liệu sạch'!$K$2:$K$201,$A25) -> 37222500 | E25: =SUMIFS('Dữ liệu sạch'!$X$2:$X$201,'Dữ liệu sạch'!$K$2:$K$201,$A25) -> 16422500 | F25: =IF(D25=0,0,E25/D25) -> 0.4411982 | G25: =D25+ROW()/1000000 -> 37222500
A26: Túi xách nữ | B26: Thời trang | C26: =SUMIFS('Dữ liệu sạch'!$N$2:$N$201,'Dữ liệu sạch'!$K$2:$K$201,$A26,'Dữ liệu sạch'!$R$2:$R$201,"Hoàn thành") -> 51 | D26: =SUMIFS('Dữ liệu sạch'!$W$2:$W$201,'Dữ liệu sạch'!$K$2:$K$201,$A26) -> 55785000 | E26: =SUMIFS('Dữ liệu sạch'!$X$2:$X$201,'Dữ liệu sạch'!$K$2:$K$201,$A26) -> 24165000 | F26: =IF(D26=0,0,E26/D26) -> 0.43318096 | G26: =D26+ROW()/1000000 -> 55785000
... A33: Hạt dinh dưỡng mix | B33: Thực phẩm | C33: =SUMIFS('Dữ liệu sạch'!$N$2:$N$201,'Dữ liệu sạch'!$K$2:$K$201,$A33,'Dữ liệu sạch'!$R$2:$R$201,"Hoàn thành") -> 18 | D33: =SUMIFS('Dữ liệu sạch'!$W$2:$W$201,'Dữ liệu sạch'!$K$2:$K$201,$A33) -> 5771500 | E33: =SUMIFS('Dữ liệu sạch'!$X$2:$X$201,'Dữ liệu sạch'!$K$2:$K$201,$A33) -> 1811500 | F33: =IF(D33=0,0,E33/D33) -> 0.31386988 | G33: =D33+ROW()/1000000 -> 5771500
A34: Tổng | C34: =SUM(C15:C33) -> 413 | D34: =SUM(D15:D33) -> 346260650 | E34: =SUM(E15:E33) -> 131000650 | F34: =IF(D34=0,0,E34/D34) -> 0.37832959
A36: 3. Top 10 sản phẩm theo doanh thu (xếp hạng tự động bằng LARGE/INDEX/MATCH) và phân tích Pareto
A37: Hạng | B37: Sản phẩm | C37: Doanh thu (VNĐ) | D37: Tỷ trọng | E37: Lũy kế tỷ trọng | F37: Biên LN | G37: Dòng (cột phụ)
A38: 1 | B38: =INDEX($A$15:$A$33,G38) -> Túi xách nữ | C38: =INDEX($D$15:$D$33,G38) -> 55785000 | D38: =C38/$D$34 -> 0.16110696 | E38: =SUM($D$38:D38) -> 0.16110696 | F38: =INDEX($F$15:$F$33,G38) -> 0.43318096 | G38: =MATCH(LARGE($G$15:$G$33,A38),$G$15:$G$33,0) -> 12
A39: 2 | B39: =INDEX($A$15:$A$33,G39) -> Loa thông minh | C39: =INDEX($D$15:$D$33,G39) -> 42892500 | D39: =C39/$D$34 -> 0.12387345 | E39: =SUM($D$38:D39) -> 0.2849804 | F39: =INDEX($F$15:$F$33,G39) -> 0.30057702 | G39: =MATCH(LARGE($G$15:$G$33,A39),$G$15:$G$33,0) -> 2
A40: 3 | B40: =INDEX($A$15:$A$33,G40) -> Nồi chiên không dầu | C40: =INDEX($D$15:$D$33,G40) -> 40296000 | D40: =C40/$D$34 -> 0.11637476 | E40: =SUM($D$38:D40) -> 0.40135516 | F40: =INDEX($F$15:$F$33,G40) -> 0.30762359 | G40: =MATCH(LARGE($G$15:$G$33,A40),$G$15:$G$33,0) -> 6
A41: 4 | B41: =INDEX($A$15:$A$33,G41) -> Giày thể thao | C41: =INDEX($D$15:$D$33,G41) -> 37222500 | D41: =C41/$D$34 -> 0.1074985 | E41: =SUM($D$38:D41) -> 0.50885366 | F41: =INDEX($F$15:$F$33,G41) -> 0.4411982 | G41: =MATCH(LARGE($G$15:$G$33,A41),$G$15:$G$33,0) -> 11
A42: 5 | B42: =INDEX($A$15:$A$33,G42) -> Áo khoác gió | C42: =INDEX($D$15:$D$33,G42) -> 29821900 | D42: =C42/$D$34 -> 0.086125582 | E42: =SUM($D$38:D42) -> 0.59497924 | F42: =INDEX($F$15:$F$33,G42) -> 0.42458395 | G42: =MATCH(LARGE($G$15:$G$33,A42),$G$15:$G$33,0) -> 13
A43: 6 | B43: =INDEX($A$15:$A$33,G43) -> Bàn phím cơ | C43: =INDEX($D$15:$D$33,G43) -> 29013000 | D43: =C43/$D$34 -> 0.083789481 | E43: =SUM($D$38:D43) -> 0.67876873 | F43: =INDEX($F$15:$F$33,G43) -> 0.32995554 | G43: =MATCH(LARGE($G$15:$G$33,A43),$G$15:$G$33,0) -> 3
A44: 7 | B44: =INDEX($A$15:$A$33,G44) -> Máy hút bụi mini | C44: =INDEX($D$15:$D$33,G44) -> 20320000 | D44: =C44/$D$34 -> 0.058684116 | E44: =SUM($D$38:D44) -> 0.73745284 | F44: =INDEX($F$15:$F$33,G44) -> 0.31102362 | G44: =MATCH(LARGE($G$15:$G$33,A44),$G$15:$G$33,0) -> 7
A45: 8 | B45: =INDEX($A$15:$A$33,G45) -> Máy xay sinh tố | C45: =INDEX($D$15:$D$33,G45) -> 16949100 | D45: =C45/$D$34 -> 0.048948964 | E45: =SUM($D$38:D45) -> 0.7864018 | F45: =INDEX($F$15:$F$33,G45) -> 0.36279802 | G45: =MATCH(LARGE($G$15:$G$33,A45),$G$15:$G$33,0) -> 9
A46: 9 | B46: =INDEX($A$15:$A$33,G46) -> Tai nghe Bluetooth | C46: =INDEX($D$15:$D$33,G46) -> 10812800 | D46: =C46/$D$34 -> 0.031227343 | E46: =SUM($D$38:D46) -> 0.81762915 | F46: =INDEX($F$15:$F$33,G46) -> 0.32672388 | G46: =MATCH(LARGE($G$15:$G$33,A46),$G$15:$G$33,0) -> 1
A47: 10 | B47: =INDEX($A$15:$A$33,G47) -> Chuột không dây | C47: =INDEX($D$15:$D$33,G47) -> 9422800 | D47: =C47/$D$34 -> 0.027213026 | E47: =SUM($D$38:D47) -> 0.84484217 | F47: =INDEX($F$15:$F$33,G47) -> 0.39296175 | G47: =MATCH(LARGE($G$15:$G$33,A47),$G$15:$G$33,0) -> 4
A49: 4. Ảnh hưởng của mức giảm giá đến doanh thu và biên lợi nhuận
A50: Mức giảm giá | B50: Số đơn hoàn thành | C50: Doanh thu (VNĐ) | D50: Lợi nhuận (VNĐ) | E50: Biên LN | F50: Số lượng TB / đơn
A51: 0 | B51: =COUNTIFS('Dữ liệu sạch'!$P$2:$P$201,$A51,'Dữ liệu sạch'!$R$2:$R$201,"Hoàn thành") -> 62 | C51: =SUMIFS('Dữ liệu sạch'!$W$2:$W$201,'Dữ liệu sạch'!$P$2:$P$201,$A51) -> 119101000 | D51: =SUMIFS('Dữ liệu sạch'!$X$2:$X$201,'Dữ liệu sạch'!$P$2:$P$201,$A51) -> 51901000 | E51: =IF(C51=0,0,D51/C51) -> 0.435773 | F51: =IF(B51=0,0,SUMIFS('Dữ liệu sạch'!$N$2:$N$201,'Dữ liệu sạch'!$P$2:$P$201,$A51,'Dữ liệu sạch'!$R$2:$R$201,"Hoàn thành")/B51) -> 2.1290323
A52: 0.05 | B52: =COUNTIFS('Dữ liệu sạch'!$P$2:$P$201,$A52,'Dữ liệu sạch'!$R$2:$R$201,"Hoàn thành") -> 37 | C52: =SUMIFS('Dữ liệu sạch'!$W$2:$W$201,'Dữ liệu sạch'!$P$2:$P$201,$A52) -> 59884200 | D52: =SUMIFS('Dữ liệu sạch'!$X$2:$X$201,'Dữ liệu sạch'!$P$2:$P$201,$A52) -> 23744200 | E52: =IF(C52=0,0,D52/C52) -> 0.39650192 | F52: =IF(B52=0,0,SUMIFS('Dữ liệu sạch'!$N$2:$N$201,'Dữ liệu sạch'!$P$2:$P$201,$A52,'Dữ liệu sạch'!$R$2:$R$201,"Hoàn thành")/B52) -> 2.2972973
A53: 0.1 | B53: =COUNTIFS('Dữ liệu sạch'!$P$2:$P$201,$A53,'Dữ liệu sạch'!$R$2:$R$201,"Hoàn thành") -> 38 | C53: =SUMIFS('Dữ liệu sạch'!$W$2:$W$201,'Dữ liệu sạch'!$P$2:$P$201,$A53) -> 76782600 | D53: =SUMIFS('Dữ liệu sạch'!$X$2:$X$201,'Dữ liệu sạch'!$P$2:$P$201,$A53) -> 27822600 | E53: =IF(C53=0,0,D53/C53) -> 0.36235553 | F53: =IF(B53=0,0,SUMIFS('Dữ liệu sạch'!$N$2:$N$201,'Dữ liệu sạch'!$P$2:$P$201,$A53,'Dữ liệu sạch'!$R$2:$R$201,"Hoàn thành")/B53) -> 2.4210526
A54: 0.15 | B54: =COUNTIFS('Dữ liệu sạch'!$P$2:$P$201,$A54,'Dữ liệu sạch'!$R$2:$R$201,"Hoàn thành") -> 23 | C54: =SUMIFS('Dữ liệu sạch'!$W$2:$W$201,'Dữ liệu sạch'!$P$2:$P$201,$A54) -> 58086450 | D54: =SUMIFS('Dữ liệu sạch'!$X$2:$X$201,'Dữ liệu sạch'!$P$2:$P$201,$A54) -> 17746450 | E54: =IF(C54=0,0,D54/C54) -> 0.3055179 | F54: =IF(B54=0,0,SUMIFS('Dữ liệu sạch'!$N$2:$N$201,'Dữ liệu sạch'!$P$2:$P$201,$A54,'Dữ liệu sạch'!$R$2:$R$201,"Hoàn thành")/B54) -> 2.826087
A55: 0.2 | B55: =COUNTIFS('Dữ liệu sạch'!$P$2:$P$201,$A55,'Dữ liệu sạch'!$R$2:$R$201,"Hoàn thành") -> 16 | C55: =SUMIFS('Dữ liệu sạch'!$W$2:$W$201,'Dữ liệu sạch'!$P$2:$P$201,$A55) -> 32406400 | D55: =SUMIFS('Dữ liệu sạch'!$X$2:$X$201,'Dữ liệu sạch'!$P$2:$P$201,$A55) -> 9786400 | E55: =IF(C55=0,0,D55/C55) -> 0.30198973 | F55: =IF(B55=0,0,SUMIFS('Dữ liệu sạch'!$N$2:$N$201,'Dữ liệu sạch'!$P$2:$P$201,$A55,'Dữ liệu sạch'!$R$2:$R$201,"Hoàn thành")/B55) -> 2.4375
A56: Tổng | B56: =SUM(B51:B55) -> 176 | C56: =SUM(C51:C55) -> 346260650 | D56: =SUM(D51:D55) -> 131000650 | E56: =IF(C56=0,0,D56/C56) -> 0.37832959

Sheet PT Khu vực - Kênh
A4: 1. Theo khu vực
A5: Khu vực | B5: Số đơn hoàn thành | C5: Doanh thu (VNĐ) | D5: Tỷ trọng | E5: Lợi nhuận (VNĐ) | F5: Biên LN | G5: Giá trị đơn TB (VNĐ)
A6: Miền Bắc | B6: =COUNTIFS('Dữ liệu sạch'!$H$2:$H$201,$A6,'Dữ liệu sạch'!$R$2:$R$201,"Hoàn thành") -> 81 | C6: =SUMIFS('Dữ liệu sạch'!$W$2:$W$201,'Dữ liệu sạch'!$H$2:$H$201,$A6) -> 146116400 | D6: =C6/$C$9 -> 0.42198384 | E6: =SUMIFS('Dữ liệu sạch'!$X$2:$X$201,'Dữ liệu sạch'!$H$2:$H$201,$A6) -> 54486400 | F6: =IF(C6=0,0,E6/C6) -> 0.37289722 | G6: =IF(B6=0,0,C6/B6) -> 1803906.2
A7: Miền Trung | B7: =COUNTIFS('Dữ liệu sạch'!$H$2:$H$201,$A7,'Dữ liệu sạch'!$R$2:$R$201,"Hoàn thành") -> 23 | C7: =SUMIFS('Dữ liệu sạch'!$W$2:$W$201,'Dữ liệu sạch'!$H$2:$H$201,$A7) -> 41500500 | D7: =C7/$C$9 -> 0.11985335 | E7: =SUMIFS('Dữ liệu sạch'!$X$2:$X$201,'Dữ liệu sạch'!$H$2:$H$201,$A7) -> 15890500 | F7: =IF(C7=0,0,E7/C7) -> 0.382899 | G7: =IF(B7=0,0,C7/B7) -> 1804369.6
A8: Miền Nam | B8: =COUNTIFS('Dữ liệu sạch'!$H$2:$H$201,$A8,'Dữ liệu sạch'!$R$2:$R$201,"Hoàn thành") -> 72 | C8: =SUMIFS('Dữ liệu sạch'!$W$2:$W$201,'Dữ liệu sạch'!$H$2:$H$201,$A8) -> 158643750 | D8: =C8/$C$9 -> 0.4581628 | E8: =SUMIFS('Dữ liệu sạch'!$X$2:$X$201,'Dữ liệu sạch'!$H$2:$H$201,$A8) -> 60623750 | F8: =IF(C8=0,0,E8/C8) -> 0.38213765 | G8: =IF(B8=0,0,C8/B8) -> 2203385.4
A9: Tổng | B9: =SUM(B6:B8) -> 176 | C9: =SUM(C6:C8) -> 346260650 | D9: =SUM(D6:D8) -> 1 | E9: =SUM(E6:E8) -> 131000650 | F9: =IF(C9=0,0,E9/C9) -> 0.37832959 | G9: =IF(B9=0,0,C9/B9) -> 1967390.1
A12: 2. Theo tỉnh/thành phố
A13: Tỉnh/Thành | B13: Khu vực | C13: Số đơn hoàn thành | D13: Doanh thu (VNĐ) | E13: Tỷ trọng | F13: Lợi nhuận (VNĐ) | G13: Biên LN
A14: Hà Nội | B14: Miền Bắc | C14: =COUNTIFS('Dữ liệu sạch'!$I$2:$I$201,$A14,'Dữ liệu sạch'!$R$2:$R$201,"Hoàn thành") -> 8 | D14: =SUMIFS('Dữ liệu sạch'!$W$2:$W$201,'Dữ liệu sạch'!$I$2:$I$201,$A14) -> 17910400 | E14: =D14/$D$26 -> 0.051725196 | F14: =SUMIFS('Dữ liệu sạch'!$X$2:$X$201,'Dữ liệu sạch'!$I$2:$I$201,$A14) -> 5790400 | G14: =IF(D14=0,0,F14/D14) -> 0.3232982
A15: Hải Phòng | B15: Miền Bắc | C15: =COUNTIFS('Dữ liệu sạch'!$I$2:$I$201,$A15,'Dữ liệu sạch'!$R$2:$R$201,"Hoàn thành") -> 8 | D15: =SUMIFS('Dữ liệu sạch'!$W$2:$W$201,'Dữ liệu sạch'!$I$2:$I$201,$A15) -> 12147000 | E15: =D15/$D$26 -> 0.035080509 | F15: =SUMIFS('Dữ liệu sạch'!$X$2:$X$201,'Dữ liệu sạch'!$I$2:$I$201,$A15) -> 5107000 | G15: =IF(D15=0,0,F15/D15) -> 0.42043303
A16: Bắc Ninh | B16: Miền Bắc | C16: =COUNTIFS('Dữ liệu sạch'!$I$2:$I$201,$A16,'Dữ liệu sạch'!$R$2:$R$201,"Hoàn thành") -> 37 | D16: =SUMIFS('Dữ liệu sạch'!$W$2:$W$201,'Dữ liệu sạch'!$I$2:$I$201,$A16) -> 72810950 | E16: =D16/$D$26 -> 0.21027786 | F16: =SUMIFS('Dữ liệu sạch'!$X$2:$X$201,'Dữ liệu sạch'!$I$2:$I$201,$A16) -> 28190950 | G16: =IF(D16=0,0,F16/D16) -> 0.38718009
A17: Quảng Ninh | B17: Miền Bắc | C17: =COUNTIFS('Dữ liệu sạch'!$I$2:$I$201,$A17,'Dữ liệu sạch'!$R$2:$R$201,"Hoàn thành") -> 28 | D17: =SUMIFS('Dữ liệu sạch'!$W$2:$W$201,'Dữ liệu sạch'!$I$2:$I$201,$A17) -> 43248050 | E17: =D17/$D$26 -> 0.12490027 | F17: =SUMIFS('Dữ liệu sạch'!$X$2:$X$201,'Dữ liệu sạch'!$I$2:$I$201,$A17) -> 15398050 | G17: =IF(D17=0,0,F17/D17) -> 0.35604033
A18: Đà Nẵng | B18: Miền Trung | C18: =COUNTIFS('Dữ liệu sạch'!$I$2:$I$201,$A18,'Dữ liệu sạch'!$R$2:$R$201,"Hoàn thành") -> 3 | D18: =SUMIFS('Dữ liệu sạch'!$W$2:$W$201,'Dữ liệu sạch'!$I$2:$I$201,$A18) -> 6750000 | E18: =D18/$D$26 -> 0.019493985 | F18: =SUMIFS('Dữ liệu sạch'!$X$2:$X$201,'Dữ liệu sạch'!$I$2:$I$201,$A18) -> 2420000 | G18: =IF(D18=0,0,F18/D18) -> 0.35851852
A19: Huế | B19: Miền Trung | C19: =COUNTIFS('Dữ liệu sạch'!$I$2:$I$201,$A19,'Dữ liệu sạch'!$R$2:$R$201,"Hoàn thành") -> 6 | D19: =SUMIFS('Dữ liệu sạch'!$W$2:$W$201,'Dữ liệu sạch'!$I$2:$I$201,$A19) -> 15525000 | E19: =D19/$D$26 -> 0.044836166 | F19: =SUMIFS('Dữ liệu sạch'!$X$2:$X$201,'Dữ liệu sạch'!$I$2:$I$201,$A19) -> 6035000 | G19: =IF(D19=0,0,F19/D19) -> 0.38872786
A20: Nghệ An | B20: Miền Trung | C20: =COUNTIFS('Dữ liệu sạch'!$I$2:$I$201,$A20,'Dữ liệu sạch'!$R$2:$R$201,"Hoàn thành") -> 4 | D20: =SUMIFS('Dữ liệu sạch'!$W$2:$W$201,'Dữ liệu sạch'!$I$2:$I$201,$A20) -> 6455500 | E20: =D20/$D$26 -> 0.01864347 | F20: =SUMIFS('Dữ liệu sạch'!$X$2:$X$201,'Dữ liệu sạch'!$I$2:$I$201,$A20) -> 2515500 | G20: =IF(D20=0,0,F20/D20) -> 0.38966773
A21: Khánh Hòa | B21: Miền Trung | C21: =COUNTIFS('Dữ liệu sạch'!$I$2:$I$201,$A21,'Dữ liệu sạch'!$R$2:$R$201,"Hoàn thành") -> 10 | D21: =SUMIFS('Dữ liệu sạch'!$W$2:$W$201,'Dữ liệu sạch'!$I$2:$I$201,$A21) -> 12770000 | E21: =D21/$D$26 -> 0.036879732 | F21: =SUMIFS('Dữ liệu sạch'!$X$2:$X$201,'Dữ liệu sạch'!$I$2:$I$201,$A21) -> 4920000 | G21: =IF(D21=0,0,F21/D21) -> 0.385278
A22: TP. Hồ Chí Minh | B22: Miền Nam | C22: =COUNTIFS('Dữ liệu sạch'!$I$2:$I$201,$A22,'Dữ liệu sạch'!$R$2:$R$201,"Hoàn thành") -> 11 | D22: =SUMIFS('Dữ liệu sạch'!$W$2:$W$201,'Dữ liệu sạch'!$I$2:$I$201,$A22) -> 26926950 | E22: =D22/$D$26 -> 0.077764973 | F22: =SUMIFS('Dữ liệu sạch'!$X$2:$X$201,'Dữ liệu sạch'!$I$2:$I$201,$A22) -> 11476950 | G22: =IF(D22=0,0,F22/D22) -> 0.4262254
A23: Cần Thơ | B23: Miền Nam | C23: =COUNTIFS('Dữ liệu sạch'!$I$2:$I$201,$A23,'Dữ liệu sạch'!$R$2:$R$201,"Hoàn thành") -> 22 | D23: =SUMIFS('Dữ liệu sạch'!$W$2:$W$201,'Dữ liệu sạch'!$I$2:$I$201,$A23) -> 43702100 | E23: =D23/$D$26 -> 0.12621157 | F23: =SUMIFS('Dữ liệu sạch'!$X$2:$X$201,'Dữ liệu sạch'!$I$2:$I$201,$A23) -> 16622100 | G23: =IF(D23=0,0,F23/D23) -> 0.38035014
A24: Bình Dương | B24: Miền Nam | C24: =COUNTIFS('Dữ liệu sạch'!$I$2:$I$201,$A24,'Dữ liệu sạch'!$R$2:$R$201,"Hoàn thành") -> 31 | D24: =SUMIFS('Dữ liệu sạch'!$W$2:$W$201,'Dữ liệu sạch'!$I$2:$I$201,$A24) -> 73291300 | E24: =D24/$D$26 -> 0.21166511 | F24: =SUMIFS('Dữ liệu sạch'!$X$2:$X$201,'Dữ liệu sạch'!$I$2:$I$201,$A24) -> 25761300 | G24: =IF(D24=0,0,F24/D24) -> 0.35149192
A25: Đồng Nai | B25: Miền Nam | C25: =COUNTIFS('Dữ liệu sạch'!$I$2:$I$201,$A25,'Dữ liệu sạch'!$R$2:$R$201,"Hoàn thành") -> 8 | D25: =SUMIFS('Dữ liệu sạch'!$W$2:$W$201,'Dữ liệu sạch'!$I$2:$I$201,$A25) -> 14723400 | E25: =D25/$D$26 -> 0.042521147 | F25: =SUMIFS('Dữ liệu sạch'!$X$2:$X$201,'Dữ liệu sạch'!$I$2:$I$201,$A25) -> 6763400 | G25: =IF(D25=0,0,F25/D25) -> 0.45936401
A26: Tổng | C26: =SUM(C14:C25) -> 176 | D26: =SUM(D14:D25) -> 346260650 | E26: =SUM(E14:E25) -> 1 | F26: =SUM(F14:F25) -> 131000650 | G26: =IF(D26=0,0,F26/D26) -> 0.37832959
A29: 3. Theo kênh bán
A30: Kênh bán | B30: Số đơn hoàn thành | C30: Doanh thu (VNĐ) | D30: Tỷ trọng | E30: Lợi nhuận (VNĐ) | F30: Biên LN | G30: Giá trị đơn TB (VNĐ)
A31: Website | B31: =COUNTIFS('Dữ liệu sạch'!$L$2:$L$201,$A31,'Dữ liệu sạch'!$R$2:$R$201,"Hoàn thành") -> 63 | C31: =SUMIFS('Dữ liệu sạch'!$W$2:$W$201,'Dữ liệu sạch'!$L$2:$L$201,$A31) -> 138837450 | D31: =C31/$C$35 -> 0.40096225 | E31: =SUMIFS('Dữ liệu sạch'!$X$2:$X$201,'Dữ liệu sạch'!$L$2:$L$201,$A31) -> 51917450 | F31: =IF(C31=0,0,E31/C31) -> 0.37394413 | G31: =IF(B31=0,0,C31/B31) -> 2203769
A32: Sàn TMĐT | B32: =COUNTIFS('Dữ liệu sạch'!$L$2:$L$201,$A32,'Dữ liệu sạch'!$R$2:$R$201,"Hoàn thành") -> 59 | C32: =SUMIFS('Dữ liệu sạch'!$W$2:$W$201,'Dữ liệu sạch'!$L$2:$L$201,$A32) -> 74365100 | D32: =C32/$C$35 -> 0.21476625 | E32: =SUMIFS('Dữ liệu sạch'!$X$2:$X$201,'Dữ liệu sạch'!$L$2:$L$201,$A32) -> 28255100 | F32: =IF(C32=0,0,E32/C32) -> 0.37995108 | G32: =IF(B32=0,0,C32/B32) -> 1260425.4
A33: Cửa hàng | B33: =COUNTIFS('Dữ liệu sạch'!$L$2:$L$201,$A33,'Dữ liệu sạch'!$R$2:$R$201,"Hoàn thành") -> 41 | C33: =SUMIFS('Dữ liệu sạch'!$W$2:$W$201,'Dữ liệu sạch'!$L$2:$L$201,$A33) -> 83648500 | D33: =C33/$C$35 -> 0.24157669 | E33: =SUMIFS('Dữ liệu sạch'!$X$2:$X$201,'Dữ liệu sạch'!$L$2:$L$201,$A33) -> 33028500 | F33: =IF(C33=0,0,E33/C33) -> 0.39484868 | G33: =IF(B33=0,0,C33/B33) -> 2040207.3
A34: Đại lý | B34: =COUNTIFS('Dữ liệu sạch'!$L$2:$L$201,$A34,'Dữ liệu sạch'!$R$2:$R$201,"Hoàn thành") -> 13 | C34: =SUMIFS('Dữ liệu sạch'!$W$2:$W$201,'Dữ liệu sạch'!$L$2:$L$201,$A34) -> 49409600 | D34: =C34/$C$35 -> 0.14269482 | E34: =SUMIFS('Dữ liệu sạch'!$X$2:$X$201,'Dữ liệu sạch'!$L$2:$L$201,$A34) -> 17799600 | F34: =IF(C34=0,0,E34/C34) -> 0.36024578 | G34: =IF(B34=0,0,C34/B34) -> 3800738.5
A35: Tổng | B35: =SUM(B31:B34) -> 176 | C35: =SUM(C31:C34) -> 346260650 | D35: =SUM(D31:D34) -> 1 | E35: =SUM(E31:E34) -> 131000650 | F35: =IF(C35=0,0,E35/C35) -> 0.37832959 | G35: =IF(B35=0,0,C35/B35) -> 1967390.1
A38: 4. Ma trận doanh thu: Khu vực × Danh mục (VNĐ)
A39: Khu vực | B39: Điện tử | C39: Gia dụng | D39: Thời trang | E39: Mỹ phẩm | F39: Thực phẩm | G39: Tổng
A40: Miền Bắc | B40: =SUMIFS('Dữ liệu sạch'!$W$2:$W$201,'Dữ liệu sạch'!$H$2:$H$201,$A40,'Dữ liệu sạch'!$J$2:$J$201,B$39) -> 55039000 | C40: =SUMIFS('Dữ liệu sạch'!$W$2:$W$201,'Dữ liệu sạch'!$H$2:$H$201,$A40,'Dữ liệu sạch'!$J$2:$J$201,C$39) -> 34249500 | D40: =SUMIFS('Dữ liệu sạch'!$W$2:$W$201,'Dữ liệu sạch'!$H$2:$H$201,$A40,'Dữ liệu sạch'!$J$2:$J$201,D$39) -> 39019300 | E40: =SUMIFS('Dữ liệu sạch'!$W$2:$W$201,'Dữ liệu sạch'!$H$2:$H$201,$A40,'Dữ liệu sạch'!$J$2:$J$201,E$39) -> 13023100 | F40: =SUMIFS('Dữ liệu sạch'!$W$2:$W$201,'Dữ liệu sạch'!$H$2:$H$201,$A40,'Dữ liệu sạch'!$J$2:$J$201,F$39) -> 4785500 | G40: =SUM(B40:F40) -> 146116400
A41: Miền Trung | B41: =SUMIFS('Dữ liệu sạch'!$W$2:$W$201,'Dữ liệu sạch'!$H$2:$H$201,$A41,'Dữ liệu sạch'!$J$2:$J$201,B$39) -> 8514500 | C41: =SUMIFS('Dữ liệu sạch'!$W$2:$W$201,'Dữ liệu sạch'!$H$2:$H$201,$A41,'Dữ liệu sạch'!$J$2:$J$201,C$39) -> 15766000 | D41: =SUMIFS('Dữ liệu sạch'!$W$2:$W$201,'Dữ liệu sạch'!$H$2:$H$201,$A41,'Dữ liệu sạch'!$J$2:$J$201,D$39) -> 15079000 | E41: =SUMIFS('Dữ liệu sạch'!$W$2:$W$201,'Dữ liệu sạch'!$H$2:$H$201,$A41,'Dữ liệu sạch'!$J$2:$J$201,E$39) -> 624000 | F41: =SUMIFS('Dữ liệu sạch'!$W$2:$W$201,'Dữ liệu sạch'!$H$2:$H$201,$A41,'Dữ liệu sạch'!$J$2:$J$201,F$39) -> 1517000 | G41: =SUM(B41:F41) -> 41500500
A42: Miền Nam | B42: =SUMIFS('Dữ liệu sạch'!$W$2:$W$201,'Dữ liệu sạch'!$H$2:$H$201,$A42,'Dữ liệu sạch'!$J$2:$J$201,B$39) -> 37367300 | C42: =SUMIFS('Dữ liệu sạch'!$W$2:$W$201,'Dữ liệu sạch'!$H$2:$H$201,$A42,'Dữ liệu sạch'!$J$2:$J$201,C$39) -> 33287800 | D42: =SUMIFS('Dữ liệu sạch'!$W$2:$W$201,'Dữ liệu sạch'!$H$2:$H$201,$A42,'Dữ liệu sạch'!$J$2:$J$201,D$39) -> 75294300 | E42: =SUMIFS('Dữ liệu sạch'!$W$2:$W$201,'Dữ liệu sạch'!$H$2:$H$201,$A42,'Dữ liệu sạch'!$J$2:$J$201,E$39) -> 5593400 | F42: =SUMIFS('Dữ liệu sạch'!$W$2:$W$201,'Dữ liệu sạch'!$H$2:$H$201,$A42,'Dữ liệu sạch'!$J$2:$J$201,F$39) -> 7100950 | G42: =SUM(B42:F42) -> 158643750
A43: Tổng | B43: =SUM(B40:B42) -> 100920800 | C43: =SUM(C40:C42) -> 83303300 | D43: =SUM(D40:D42) -> 129392600 | E43: =SUM(E40:E42) -> 19240500 | F43: =SUM(F40:F42) -> 13403450 | G43: =SUM(G40:G42) -> 346260650
A46: 5. Ma trận doanh thu: Khu vực × Kênh bán (VNĐ)
A47: Khu vực | B47: Website | C47: Sàn TMĐT | D47: Cửa hàng | E47: Đại lý | F47: Tổng
A48: Miền Bắc | B48: =SUMIFS('Dữ liệu sạch'!$W$2:$W$201,'Dữ liệu sạch'!$H$2:$H$201,$A48,'Dữ liệu sạch'!$L$2:$L$201,B$47) -> 56924950 | C48: =SUMIFS('Dữ liệu sạch'!$W$2:$W$201,'Dữ liệu sạch'!$H$2:$H$201,$A48,'Dữ liệu sạch'!$L$2:$L$201,C$47) -> 30957950 | D48: =SUMIFS('Dữ liệu sạch'!$W$2:$W$201,'Dữ liệu sạch'!$H$2:$H$201,$A48,'Dữ liệu sạch'!$L$2:$L$201,D$47) -> 33759500 | E48: =SUMIFS('Dữ liệu sạch'!$W$2:$W$201,'Dữ liệu sạch'!$H$2:$H$201,$A48,'Dữ liệu sạch'!$L$2:$L$201,E$47) -> 24474000 | F48: =SUM(B48:E48) -> 146116400
A49: Miền Trung | B49: =SUMIFS('Dữ liệu sạch'!$W$2:$W$201,'Dữ liệu sạch'!$H$2:$H$201,$A49,'Dữ liệu sạch'!$L$2:$L$201,B$47) -> 14495500 | C49: =SUMIFS('Dữ liệu sạch'!$W$2:$W$201,'Dữ liệu sạch'!$H$2:$H$201,$A49,'Dữ liệu sạch'!$L$2:$L$201,C$47) -> 10596000 | D49: =SUMIFS('Dữ liệu sạch'!$W$2:$W$201,'Dữ liệu sạch'!$H$2:$H$201,$A49,'Dữ liệu sạch'!$L$2:$L$201,D$47) -> 4662000 | E49: =SUMIFS('Dữ liệu sạch'!$W$2:$W$201,'Dữ liệu sạch'!$H$2:$H$201,$A49,'Dữ liệu sạch'!$L$2:$L$201,E$47) -> 11747000 | F49: =SUM(B49:E49) -> 41500500
A50: Miền Nam | B50: =SUMIFS('Dữ liệu sạch'!$W$2:$W$201,'Dữ liệu sạch'!$H$2:$H$201,$A50,'Dữ liệu sạch'!$L$2:$L$201,B$47) -> 67417000 | C50: =SUMIFS('Dữ liệu sạch'!$W$2:$W$201,'Dữ liệu sạch'!$H$2:$H$201,$A50,'Dữ liệu sạch'!$L$2:$L$201,C$47) -> 32811150 | D50: =SUMIFS('Dữ liệu sạch'!$W$2:$W$201,'Dữ liệu sạch'!$H$2:$H$201,$A50,'Dữ liệu sạch'!$L$2:$L$201,D$47) -> 45227000 | E50: =SUMIFS('Dữ liệu sạch'!$W$2:$W$201,'Dữ liệu sạch'!$H$2:$H$201,$A50,'Dữ liệu sạch'!$L$2:$L$201,E$47) -> 13188600 | F50: =SUM(B50:E50) -> 158643750
A51: Tổng | B51: =SUM(B48:B50) -> 138837450 | C51: =SUM(C48:C50) -> 74365100 | D51: =SUM(D48:D50) -> 83648500 | E51: =SUM(E48:E50) -> 49409600 | F51: =SUM(F48:F50) -> 346260650

Sheet PT Khách hàng - NV
A4: 1. Theo phân khúc khách hàng
A5: Phân khúc | B5: Số KH có mua | C5: Số đơn hoàn thành | D5: Doanh thu (VNĐ) | E5: Tỷ trọng | F5: Lợi nhuận (VNĐ) | G5: Biên LN | H5: Giá trị đơn TB (VNĐ) | I5: Doanh thu TB / KH (VNĐ)
A6: Cá nhân | B6: =COUNTIFS($C$54:$C$113,$A6,$E$54:$E$113,">0") -> 45 | C6: =COUNTIFS('Dữ liệu sạch'!$G$2:$G$201,$A6,'Dữ liệu sạch'!$R$2:$R$201,"Hoàn thành") -> 140 | D6: =SUMIFS('Dữ liệu sạch'!$W$2:$W$201,'Dữ liệu sạch'!$G$2:$G$201,$A6) -> 198816050 | E6: =D6/$D$8 -> 0.57418032 | F6: =SUMIFS('Dữ liệu sạch'!$X$2:$X$201,'Dữ liệu sạch'!$G$2:$G$201,$A6) -> 78176050 | G6: =IF(D6=0,0,F6/D6) -> 0.39320794 | H6: =IF(C6=0,0,D6/C6) -> 1420114.6 | I6: =IF(B6=0,0,D6/B6) -> 4418134.4
A7: Doanh nghiệp | B7: =COUNTIFS($C$54:$C$113,$A7,$E$54:$E$113,">0") -> 14 | C7: =COUNTIFS('Dữ liệu sạch'!$G$2:$G$201,$A7,'Dữ liệu sạch'!$R$2:$R$201,"Hoàn thành") -> 36 | D7: =SUMIFS('Dữ liệu sạch'!$W$2:$W$201,'Dữ liệu sạch'!$G$2:$G$201,$A7) -> 147444600 | E7: =D7/$D$8 -> 0.42581968 | F7: =SUMIFS('Dữ liệu sạch'!$X$2:$X$201,'Dữ liệu sạch'!$G$2:$G$201,$A7) -> 52824600 | G7: =IF(D7=0,0,F7/D7) -> 0.35826744 | H7: =IF(C7=0,0,D7/C7) -> 4095683.3 | I7: =IF(B7=0,0,D7/B7) -> 10531757
A8: Tổng | B8: =SUM(B6:B7) -> 59 | C8: =SUM(C6:C7) -> 176 | D8: =SUM(D6:D7) -> 346260650 | E8: =SUM(E6:E7) -> 1 | F8: =SUM(F6:F7) -> 131000650 | G8: =IF(D8=0,0,F8/D8) -> 0.37832959 | H8: =IF(C8=0,0,D8/C8) -> 1967390.1 | I8: =IF(B8=0,0,D8/B8) -> 5868824.6
A10: 2. Theo nhân viên bán hàng
A11: Nhân viên | B11: Số đơn hoàn thành | C11: Doanh thu (VNĐ) | D11: Tỷ trọng | E11: Lợi nhuận (VNĐ) | F11: Biên LN | G11: Giá trị đơn TB (VNĐ) | H11: Tỷ lệ hủy/hoàn trả | I11: Tổng số đơn nhận
A12: Nguyễn Minh Anh | B12: =COUNTIFS('Dữ liệu sạch'!$M$2:$M$201,$A12,'Dữ liệu sạch'!$R$2:$R$201,"Hoàn thành") -> 21 | C12: =SUMIFS('Dữ liệu sạch'!$W$2:$W$201,'Dữ liệu sạch'!$M$2:$M$201,$A12) -> 41556500 | D12: =C12/$C$21 -> 0.12001508 | E12: =SUMIFS('Dữ liệu sạch'!$X$2:$X$201,'Dữ liệu sạch'!$M$2:$M$201,$A12) -> 15016500 | F12: =IF(C12=0,0,E12/C12) -> 0.36135141 | G12: =IF(B12=0,0,C12/B12) -> 1978881 | H12: =IF(I12=0,0,1-B12/I12) -> 0.19230769 | I12: =COUNTIFS('Dữ liệu sạch'!$M$2:$M$201,$A12) -> 26
A13: Trần Quốc Bảo | B13: =COUNTIFS('Dữ liệu sạch'!$M$2:$M$201,$A13,'Dữ liệu sạch'!$R$2:$R$201,"Hoàn thành") -> 30 | C13: =SUMIFS('Dữ liệu sạch'!$W$2:$W$201,'Dữ liệu sạch'!$M$2:$M$201,$A13) -> 68950500 | D13: =C13/$C$21 -> 0.19912889 | E13: =SUMIFS('Dữ liệu sạch'!$X$2:$X$201,'Dữ liệu sạch'!$M$2:$M$201,$A13) -> 25450500 | F13: =IF(C13=0,0,E13/C13) -> 0.36911262 | G13: =IF(B13=0,0,C13/B13) -> 2298350 | H13: =IF(I13=0,0,1-B13/I13) -> 0.11764706 | I13: =COUNTIFS('Dữ liệu sạch'!$M$2:$M$201,$A13) -> 34
A14: Lê Thu Hà | B14: =COUNTIFS('Dữ liệu sạch'!$M$2:$M$201,$A14,'Dữ liệu sạch'!$R$2:$R$201,"Hoàn thành") -> 27 | C14: =SUMIFS('Dữ liệu sạch'!$W$2:$W$201,'Dữ liệu sạch'!$M$2:$M$201,$A14) -> 51575500 | D14: =C14/$C$21 -> 0.14894993 | E14: =SUMIFS('Dữ liệu sạch'!$X$2:$X$201,'Dữ liệu sạch'!$M$2:$M$201,$A14) -> 18245500 | F14: =IF(C14=0,0,E14/C14) -> 0.35376293 | G14: =IF(B14=0,0,C14/B14) -> 1910203.7 | H14: =IF(I14=0,0,1-B14/I14) -> 0.15625 | I14: =COUNTIFS('Dữ liệu sạch'!$M$2:$M$201,$A14) -> 32
A15: Phạm Đức Huy | B15: =COUNTIFS('Dữ liệu sạch'!$M$2:$M$201,$A15,'Dữ liệu sạch'!$R$2:$R$201,"Hoàn thành") -> 26 | C15: =SUMIFS('Dữ liệu sạch'!$W$2:$W$201,'Dữ liệu sạch'!$M$2:$M$201,$A15) -> 61773800 | D15: =C15/$C$21 -> 0.1784026 | E15: =SUMIFS('Dữ liệu sạch'!$X$2:$X$201,'Dữ liệu sạch'!$M$2:$M$201,$A15) -> 25003800 | F15: =IF(C15=0,0,E15/C15) -> 0.40476383 | G15: =IF(B15=0,0,C15/B15) -> 2375915.4 | H15: =IF(I15=0,0,1-B15/I15) -> 0 | I15: =COUNTIFS('Dữ liệu sạch'!$M$2:$M$201,$A15) -> 26
A16: Võ Ngọc Lan | B16: =COUNTIFS('Dữ liệu sạch'!$M$2:$M$201,$A16,'Dữ liệu sạch'!$R$2:$R$201,"Hoàn thành") -> 23 | C16: =SUMIFS('Dữ liệu sạch'!$W$2:$W$201,'Dữ liệu sạch'!$M$2:$M$201,$A16) -> 32075000 | D16: =C16/$C$21 -> 0.09263253 | E16: =SUMIFS('Dữ liệu sạch'!$X$2:$X$201,'Dữ liệu sạch'!$M$2:$M$201,$A16) -> 12095000 | F16: =IF(C16=0,0,E16/C16) -> 0.37708496 | G16: =IF(B16=0,0,C16/B16) -> 1394565.2 | H16: =IF(I16=0,0,1-B16/I16) -> 0.11538462 | I16: =COUNTIFS('Dữ liệu sạch'!$M$2:$M$201,$A16) -> 26
A17: Đặng Hoàng Nam | B17: =COUNTIFS('Dữ liệu sạch'!$M$2:$M$201,$A17,'Dữ liệu sạch'!$R$2:$R$201,"Hoàn thành") -> 20 | C17: =SUMIFS('Dữ liệu sạch'!$W$2:$W$201,'Dữ liệu sạch'!$M$2:$M$201,$A17) -> 36328300 | D17: =C17/$C$21 -> 0.10491605 | E17: =SUMIFS('Dữ liệu sạch'!$X$2:$X$201,'Dữ liệu sạch'!$M$2:$M$201,$A17) -> 13908300 | F17: =IF(C17=0,0,E17/C17) -> 0.38285028 | G17: =IF(B17=0,0,C17/B17) -> 1816415 | H17: =IF(I17=0,0,1-B17/I17) -> 0.13043478 | I17: =COUNTIFS('Dữ liệu sạch'!$M$2:$M$201,$A17) -> 23
A18: Bùi Thanh Tùng | B18: =COUNTIFS('Dữ liệu sạch'!$M$2:$M$201,$A18,'Dữ liệu sạch'!$R$2:$R$201,"Hoàn thành") -> 13 | C18: =SUMIFS('Dữ liệu sạch'!$W$2:$W$201,'Dữ liệu sạch'!$M$2:$M$201,$A18) -> 15916800 | D18: =C18/$C$21 -> 0.045967684 | E18: =SUMIFS('Dữ liệu sạch'!$X$2:$X$201,'Dữ liệu sạch'!$M$2:$M$201,$A18) -> 7126800 | F18: =IF(C18=0,0,E18/C18) -> 0.44775332 | G18: =IF(B18=0,0,C18/B18) -> 1224369.2 | H18: =IF(I18=0,0,1-B18/I18) -> 0.071428571 | I18: =COUNTIFS('Dữ liệu sạch'!$M$2:$M$201,$A18) -> 14
A19: Hoàng Mai Linh | B19: =COUNTIFS('Dữ liệu sạch'!$M$2:$M$201,$A19,'Dữ liệu sạch'!$R$2:$R$201,"Hoàn thành") -> 13 | C19: =SUMIFS('Dữ liệu sạch'!$W$2:$W$201,'Dữ liệu sạch'!$M$2:$M$201,$A19) -> 32852750 | D19: =C19/$C$21 -> 0.09487867 | E19: =SUMIFS('Dữ liệu sạch'!$X$2:$X$201,'Dữ liệu sạch'!$M$2:$M$201,$A19) -> 11782750 | F19: =IF(C19=0,0,E19/C19) -> 0.35865339 | G19: =IF(B19=0,0,C19/B19) -> 2527134.6 | H19: =IF(I19=0,0,1-B19/I19) -> 0.13333333 | I19: =COUNTIFS('Dữ liệu sạch'!$M$2:$M$201,$A19) -> 15
A20: Chưa xác định | B20: =COUNTIFS('Dữ liệu sạch'!$M$2:$M$201,$A20,'Dữ liệu sạch'!$R$2:$R$201,"Hoàn thành") -> 3 | C20: =SUMIFS('Dữ liệu sạch'!$W$2:$W$201,'Dữ liệu sạch'!$M$2:$M$201,$A20) -> 5231500 | D20: =C20/$C$21 -> 0.015108561 | E20: =SUMIFS('Dữ liệu sạch'!$X$2:$X$201,'Dữ liệu sạch'!$M$2:$M$201,$A20) -> 2371500 | F20: =IF(C20=0,0,E20/C20) -> 0.45331167 | G20: =IF(B20=0,0,C20/B20) -> 1743833.3 | H20: =IF(I20=0,0,1-B20/I20) -> 0.25 | I20: =COUNTIFS('Dữ liệu sạch'!$M$2:$M$201,$A20) -> 4
A21: Tổng | B21: =SUM(B12:B20) -> 176 | C21: =SUM(C12:C20) -> 346260650 | D21: =SUM(D12:D20) -> 1 | E21: =SUM(E12:E20) -> 131000650 | F21: =IF(C21=0,0,E21/C21) -> 0.37832959 | G21: =IF(B21=0,0,C21/B21) -> 1967390.1 | H21: =IF(I21=0,0,1-B21/I21) -> 0.12 | I21: =SUM(I12:I20) -> 200
A23: 3. Phân nhóm khách hàng theo giá trị (phân khúc đơn giản theo doanh thu)
A24: Giả định phân nhóm | B24: Ngưỡng doanh thu (VNĐ)
A25: Nhóm VIP: doanh thu từ | B25: 10000000
A26: Nhóm Thân thiết: doanh thu từ | B26: 5000000
A28: Nhóm khách hàng | B28: Số KH | C28: Doanh thu (VNĐ) | D28: Tỷ trọng doanh thu | E28: Tỷ trọng số KH
A29: VIP | B29: =COUNTIF($H$54:$H$113,$A29) -> 10 | C29: =SUMIFS($F$54:$F$113,$H$54:$H$113,$A29) -> 142629000 | D29: =IF($C$33=0,0,C29/$C$33) -> 0.41191224 | E29: =IF($B$33=0,0,B29/$B$33) -> 0.16666667
A30: Thân thiết | B30: =COUNTIF($H$54:$H$113,$A30) -> 17 | C30: =SUMIFS($F$54:$F$113,$H$54:$H$113,$A30) -> 114498900 | D30: =IF($C$33=0,0,C30/$C$33) -> 0.33067257 | E30: =IF($B$33=0,0,B30/$B$33) -> 0.28333333
A31: Tiềm năng | B31: =COUNTIF($H$54:$H$113,$A31) -> 32 | C31: =SUMIFS($F$54:$F$113,$H$54:$H$113,$A31) -> 89132750 | D31: =IF($C$33=0,0,C31/$C$33) -> 0.25741519 | E31: =IF($B$33=0,0,B31/$B$33) -> 0.53333333
A32: Không phát sinh | B32: =COUNTIF($H$54:$H$113,$A32) -> 1 | C32: =SUMIFS($F$54:$F$113,$H$54:$H$113,$A32) -> 0 | D32: =IF($C$33=0,0,C32/$C$33) -> 0 | E32: =IF($B$33=0,0,B32/$B$33) -> 0.016666667
A33: Tổng | B33: =SUM(B29:B32) -> 60 | C33: =SUM(C29:C32) -> 346260650 | D33: =SUM(D29:D32) -> 1 | E33: =SUM(E29:E32) -> 1
A35: Số khách hàng có phát sinh mua | B35: =COUNTIF($E$54:$E$113,">0") -> 59
A36: Tỷ lệ khách mua lại (≥ 2 đơn) | B36: =IF(B35=0,0,COUNTIF($E$54:$E$113,">=2")/B35) -> 0.84745763
A38: 4. Top 10 khách hàng theo doanh thu
A39: Hạng | B39: Tên khách hàng | C39: Mã KH | D39: Phân khúc | E39: Số đơn hoàn thành | F39: Doanh thu (VNĐ) | G39: Tỷ trọng | H39: Dòng (cột phụ)
A40: 1 | B40: =INDEX($B$54:$B$113,H40) -> Đại lý Hải Âu | C40: =INDEX($A$54:$A$113,H40) -> KH029 | D40: =INDEX($C$54:$C$113,H40) -> Doanh nghiệp | E40: =INDEX($E$54:$E$113,H40) -> 5 | F40: =INDEX($F$54:$F$113,H40) -> 23586000 | G40: =F40/$D$8 -> 0.068116316 | H40: =MATCH(LARGE($I$54:$I$113,A40),$I$54:$I$113,0) -> 29
A41: 2 | B41: =INDEX($B$54:$B$113,H41) -> Công ty TNHH Phương Nam | C41: =INDEX($A$54:$A$113,H41) -> KH033 | D41: =INDEX($C$54:$C$113,H41) -> Doanh nghiệp | E41: =INDEX($E$54:$E$113,H41) -> 4 | F41: =INDEX($F$54:$F$113,H41) -> 16086000 | G41: =F41/$D$8 -> 0.046456333 | H41: =MATCH(LARGE($I$54:$I$113,A41),$I$54:$I$113,0) -> 33
A42: 3 | B42: =INDEX($B$54:$B$113,H42) -> Vũ Thanh Châu | C42: =INDEX($A$54:$A$113,H42) -> KH052 | D42: =INDEX($C$54:$C$113,H42) -> Cá nhân | E42: =INDEX($E$54:$E$113,H42) -> 2 | F42: =INDEX($F$54:$F$113,H42) -> 15200000 | G42: =F42/$D$8 -> 0.043897567 | H42: =MATCH(LARGE($I$54:$I$113,A42),$I$54:$I$113,0) -> 52
A43: 4 | B43: =INDEX($B$54:$B$113,H43) -> Công ty TNHH An Phát | C43: =INDEX($A$54:$A$113,H43) -> KH007 | D43: =INDEX($C$54:$C$113,H43) -> Doanh nghiệp | E43: =INDEX($E$54:$E$113,H43) -> 3 | F43: =INDEX($F$54:$F$113,H43) -> 14840000 | G43: =F43/$D$8 -> 0.042857888 | H43: =MATCH(LARGE($I$54:$I$113,A43),$I$54:$I$113,0) -> 7
A44: 5 | B44: =INDEX($B$54:$B$113,H44) -> Công ty TNHH Kim Long | C44: =INDEX($A$54:$A$113,H44) -> KH047 | D44: =INDEX($C$54:$C$113,H44) -> Doanh nghiệp | E44: =INDEX($E$54:$E$113,H44) -> 2 | F44: =INDEX($F$54:$F$113,H44) -> 13784000 | G44: =F44/$D$8 -> 0.039808162 | H44: =MATCH(LARGE($I$54:$I$113,A44),$I$54:$I$113,0) -> 47
A45: 6 | B45: =INDEX($B$54:$B$113,H45) -> Công ty TNHH Đại Dương | C45: =INDEX($A$54:$A$113,H45) -> KH044 | D45: =INDEX($C$54:$C$113,H45) -> Doanh nghiệp | E45: =INDEX($E$54:$E$113,H45) -> 4 | F45: =INDEX($F$54:$F$113,H45) -> 13447600 | G45: =F45/$D$8 -> 0.038836639 | H45: =MATCH(LARGE($I$54:$I$113,A45),$I$54:$I$113,0) -> 44
A46: 7 | B46: =INDEX($B$54:$B$113,H46) -> Lê Anh Mai | C46: =INDEX($A$54:$A$113,H46) -> KH056 | D46: =INDEX($C$54:$C$113,H46) -> Cá nhân | E46: =INDEX($E$54:$E$113,H46) -> 7 | F46: =INDEX($F$54:$F$113,H46) -> 13298400 | G46: =F46/$D$8 -> 0.03840575 | H46: =MATCH(LARGE($I$54:$I$113,A46),$I$54:$I$113,0) -> 56
A47: 8 | B47: =INDEX($B$54:$B$113,H47) -> Công ty CP Thành Công | C47: =INDEX($A$54:$A$113,H47) -> KH021 | D47: =INDEX($C$54:$C$113,H47) -> Doanh nghiệp | E47: =INDEX($E$54:$E$113,H47) -> 2 | F47: =INDEX($F$54:$F$113,H47) -> 11191000 | G47: =F47/$D$8 -> 0.032319584 | H47: =MATCH(LARGE($I$54:$I$113,A47),$I$54:$I$113,0) -> 21
A48: 9 | B48: =INDEX($B$54:$B$113,H48) -> Công ty TNHH Việt Tiến | C48: =INDEX($A$54:$A$113,H48) -> KH045 | D48: =INDEX($C$54:$C$113,H48) -> Doanh nghiệp | E48: =INDEX($E$54:$E$113,H48) -> 2 | F48: =INDEX($F$54:$F$113,H48) -> 11007000 | G48: =F48/$D$8 -> 0.031788192 | H48: =MATCH(LARGE($I$54:$I$113,A48),$I$54:$I$113,0) -> 45
A49: 10 | B49: =INDEX($B$54:$B$113,H49) -> Cửa hàng Hoa Mai | C49: =INDEX($A$54:$A$113,H49) -> KH038 | D49: =INDEX($C$54:$C$113,H49) -> Doanh nghiệp | E49: =INDEX($E$54:$E$113,H49) -> 2 | F49: =INDEX($F$54:$F$113,H49) -> 10189000 | G49: =F49/$D$8 -> 0.02942581 | H49: =MATCH(LARGE($I$54:$I$113,A49),$I$54:$I$113,0) -> 38
A50: Top 10 đóng góp | F50: =SUM(F40:F49) -> 142629000 | G50: =SUM(G40:G49) -> 0.41191224
A52: 5. Danh mục khách hàng và giá trị mua (60 khách hàng)
A53: Mã KH | B53: Tên khách hàng | C53: Phân khúc | D53: Khu vực | E53: Số đơn hoàn thành | F53: Doanh thu (VNĐ) | G53: Lợi nhuận (VNĐ) | H53: Nhóm khách hàng | I53: Điểm xếp hạng (cột phụ)
A54: KH001 | B54: Phan Ngọc Quân | C54: Cá nhân | D54: Miền Trung | E54: =COUNTIFS('Dữ liệu sạch'!$E$2:$E$201,$A54,'Dữ liệu sạch'!$R$2:$R$201,"Hoàn thành") -> 3 | F54: =SUMIFS('Dữ liệu sạch'!$W$2:$W$201,'Dữ liệu sạch'!$E$2:$E$201,$A54) -> 4855500 | G54: =SUMIFS('Dữ liệu sạch'!$X$2:$X$201,'Dữ liệu sạch'!$E$2:$E$201,$A54) -> 1915500 | H54: =IF(F54=0,"Không phát sinh",IF(F54>=$B$25,"VIP",IF(F54>=$B$26,"Thân thiết","Tiềm năng"))) -> Tiềm năng | I54: =F54+ROW()/1000000 -> 4855500
A55: KH002 | B55: Phan Minh Bình | C55: Cá nhân | D55: Miền Bắc | E55: =COUNTIFS('Dữ liệu sạch'!$E$2:$E$201,$A55,'Dữ liệu sạch'!$R$2:$R$201,"Hoàn thành") -> 3 | F55: =SUMIFS('Dữ liệu sạch'!$W$2:$W$201,'Dữ liệu sạch'!$E$2:$E$201,$A55) -> 4101800 | G55: =SUMIFS('Dữ liệu sạch'!$X$2:$X$201,'Dữ liệu sạch'!$E$2:$E$201,$A55) -> 1621800 | H55: =IF(F55=0,"Không phát sinh",IF(F55>=$B$25,"VIP",IF(F55>=$B$26,"Thân thiết","Tiềm năng"))) -> Tiềm năng | I55: =F55+ROW()/1000000 -> 4101800
A56: KH003 | B56: Phan Thị Châu | C56: Cá nhân | D56: Miền Bắc | E56: =COUNTIFS('Dữ liệu sạch'!$E$2:$E$201,$A56,'Dữ liệu sạch'!$R$2:$R$201,"Hoàn thành") -> 1 | F56: =SUMIFS('Dữ liệu sạch'!$W$2:$W$201,'Dữ liệu sạch'!$E$2:$E$201,$A56) -> 2250000 | G56: =SUMIFS('Dữ liệu sạch'!$X$2:$X$201,'Dữ liệu sạch'!$E$2:$E$201,$A56) -> 1080000 | H56: =IF(F56=0,"Không phát sinh",IF(F56>=$B$25,"VIP",IF(F56>=$B$26,"Thân thiết","Tiềm năng"))) -> Tiềm năng | I56: =F56+ROW()/1000000 -> 2250000
A57: KH004 | B57: Vũ Thị Giang | C57: Cá nhân | D57: Miền Bắc | E57: =COUNTIFS('Dữ liệu sạch'!$E$2:$E$201,$A57,'Dữ liệu sạch'!$R$2:$R$201,"Hoàn thành") -> 4 | F57: =SUMIFS('Dữ liệu sạch'!$W$2:$W$201,'Dữ liệu sạch'!$E$2:$E$201,$A57) -> 6537200 | G57: =SUMIFS('Dữ liệu sạch'!$X$2:$X$201,'Dữ liệu sạch'!$E$2:$E$201,$A57) -> 3227200 | H57: =IF(F57=0,"Không phát sinh",IF(F57>=$B$25,"VIP",IF(F57>=$B$26,"Thân thiết","Tiềm năng"))) -> Thân thiết | I57: =F57+ROW()/1000000 -> 6537200
A58: KH005 | B58: Đỗ Văn Hạnh | C58: Cá nhân | D58: Miền Bắc | E58: =COUNTIFS('Dữ liệu sạch'!$E$2:$E$201,$A58,'Dữ liệu sạch'!$R$2:$R$201,"Hoàn thành") -> 4 | F58: =SUMIFS('Dữ liệu sạch'!$W$2:$W$201,'Dữ liệu sạch'!$E$2:$E$201,$A58) -> 3322000 | G58: =SUMIFS('Dữ liệu sạch'!$X$2:$X$201,'Dữ liệu sạch'!$E$2:$E$201,$A58) -> 1602000 | H58: =IF(F58=0,"Không phát sinh",IF(F58>=$B$25,"VIP",IF(F58>=$B$26,"Thân thiết","Tiềm năng"))) -> Tiềm năng | I58: =F58+ROW()/1000000 -> 3322000
A59: KH006 | B59: Bùi Quốc Khoa | C59: Cá nhân | D59: Miền Bắc | E59: =COUNTIFS('Dữ liệu sạch'!$E$2:$E$201,$A59,'Dữ liệu sạch'!$R$2:$R$201,"Hoàn thành") -> 3 | F59: =SUMIFS('Dữ liệu sạch'!$W$2:$W$201,'Dữ liệu sạch'!$E$2:$E$201,$A59) -> 3512150 | G59: =SUMIFS('Dữ liệu sạch'!$X$2:$X$201,'Dữ liệu sạch'!$E$2:$E$201,$A59) -> 1442150 | H59: =IF(F59=0,"Không phát sinh",IF(F59>=$B$25,"VIP",IF(F59>=$B$26,"Thân thiết","Tiềm năng"))) -> Tiềm năng | I59: =F59+ROW()/1000000 -> 3512150
A60: KH007 | B60: Công ty TNHH An Phát | C60: Doanh nghiệp | D60: Miền Nam | E60: =COUNTIFS('Dữ liệu sạch'!$E$2:$E$201,$A60,'Dữ liệu sạch'!$R$2:$R$201,"Hoàn thành") -> 3 | F60: =SUMIFS('Dữ liệu sạch'!$W$2:$W$201,'Dữ liệu sạch'!$E$2:$E$201,$A60) -> 14840000 | G60: =SUMIFS('Dữ liệu sạch'!$X$2:$X$201,'Dữ liệu sạch'!$E$2:$E$201,$A60) -> 4960000 | H60: =IF(F60=0,"Không phát sinh",IF(F60>=$B$25,"VIP",IF(F60>=$B$26,"Thân thiết","Tiềm năng"))) -> VIP | I60: =F60+ROW()/1000000 -> 14840000
A61: KH008 | B61: Hoàng Đức Trang | C61: Cá nhân | D61: Miền Nam | E61: =COUNTIFS('Dữ liệu sạch'!$E$2:$E$201,$A61,'Dữ liệu sạch'!$R$2:$R$201,"Hoàn thành") -> 5 | F61: =SUMIFS('Dữ liệu sạch'!$W$2:$W$201,'Dữ liệu sạch'!$E$2:$E$201,$A61) -> 4449000 | G61: =SUMIFS('Dữ liệu sạch'!$X$2:$X$201,'Dữ liệu sạch'!$E$2:$E$201,$A61) -> 1749000 | H61: =IF(F61=0,"Không phát sinh",IF(F61>=$B$25,"VIP",IF(F61>=$B$26,"Thân thiết","Tiềm năng"))) -> Tiềm năng | I61: =F61+ROW()/1000000 -> 4449000
A62: KH009 | B62: Cửa hàng Tân Tiến | C62: Doanh nghiệp | D62: Miền Bắc | E62: =COUNTIFS('Dữ liệu sạch'!$E$2:$E$201,$A62,'Dữ liệu sạch'!$R$2:$R$201,"Hoàn thành") -> 2 | F62: =SUMIFS('Dữ liệu sạch'!$W$2:$W$201,'Dữ liệu sạch'!$E$2:$E$201,$A62) -> 9952000 | G62: =SUMIFS('Dữ liệu sạch'!$X$2:$X$201,'Dữ liệu sạch'!$E$2:$E$201,$A62) -> 3332000 | H62: =IF(F62=0,"Không phát sinh",IF(F62>=$B$25,"VIP",IF(F62>=$B$26,"Thân thiết","Tiềm năng"))) -> Thân thiết | I62: =F62+ROW()/1000000 -> 9952000
A63: KH010 | B63: Phan Thị Dũng | C63: Cá nhân | D63: Miền Trung | E63: =COUNTIFS('Dữ liệu sạch'!$E$2:$E$201,$A63,'Dữ liệu sạch'!$R$2:$R$201,"Hoàn thành") -> 4 | F63: =SUMIFS('Dữ liệu sạch'!$W$2:$W$201,'Dữ liệu sạch'!$E$2:$E$201,$A63) -> 4044000 | G63: =SUMIFS('Dữ liệu sạch'!$X$2:$X$201,'Dữ liệu sạch'!$E$2:$E$201,$A63) -> 1474000 | H63: =IF(F63=0,"Không phát sinh",IF(F63>=$B$25,"VIP",IF(F63>=$B$26,"Thân thiết","Tiềm năng"))) -> Tiềm năng | I63: =F63+ROW()/1000000 -> 4044000
A64: KH011 | B64: Công ty CP Bình Minh | C64: Doanh nghiệp | D64: Miền Bắc | E64: =COUNTIFS('Dữ liệu sạch'!$E$2:$E$201,$A64,'Dữ liệu sạch'!$R$2:$R$201,"Hoàn thành") -> 4 | F64: =SUMIFS('Dữ liệu sạch'!$W$2:$W$201,'Dữ liệu sạch'!$E$2:$E$201,$A64) -> 4020400 | G64: =SUMIFS('Dữ liệu sạch'!$X$2:$X$201,'Dữ liệu sạch'!$E$2:$E$201,$A64) -> 1490400 | H64: =IF(F64=0,"Không phát sinh",IF(F64>=$B$25,"VIP",IF(F64>=$B$26,"Thân thiết","Tiềm năng"))) -> Tiềm năng | I64: =F64+ROW()/1000000 -> 4020400
A65: KH012 | B65: Võ Minh Trang | C65: Cá nhân | D65: Miền Nam | E65: =COUNTIFS('Dữ liệu sạch'!$E$2:$E$201,$A65,'Dữ liệu sạch'!$R$2:$R$201,"Hoàn thành") -> 2 | F65: =SUMIFS('Dữ liệu sạch'!$W$2:$W$201,'Dữ liệu sạch'!$E$2:$E$201,$A65) -> 6969000 | G65: =SUMIFS('Dữ liệu sạch'!$X$2:$X$201,'Dữ liệu sạch'!$E$2:$E$201,$A65) -> 3049000 | H65: =IF(F65=0,"Không phát sinh",IF(F65>=$B$25,"VIP",IF(F65>=$B$26,"Thân thiết","Tiềm năng"))) -> Thân thiết | I65: =F65+ROW()/1000000 -> 6969000
... A113: KH060 | B113: Hoàng Hoàng Châu | C113: Cá nhân | D113: Miền Nam | E113: =COUNTIFS('Dữ liệu sạch'!$E$2:$E$201,$A113,'Dữ liệu sạch'!$R$2:$R$201,"Hoàn thành") -> 2 | F113: =SUMIFS('Dữ liệu sạch'!$W$2:$W$201,'Dữ liệu sạch'!$E$2:$E$201,$A113) -> 4468800 | G113: =SUMIFS('Dữ liệu sạch'!$X$2:$X$201,'Dữ liệu sạch'!$E$2:$E$201,$A113) -> 1468800 | H113: =IF(F113=0,"Không phát sinh",IF(F113>=$B$25,"VIP",IF(F113>=$B$26,"Thân thiết","Tiềm năng"))) -> Tiềm năng | I113: =F113+ROW()/1000000 -> 4468800

Sheet Dashboard
B1: DASHBOARD BÁO CÁO BÁN HÀNG NĂM 2025
B4: TỔNG DOANH THU (VNĐ) | E4: TỔNG LỢI NHUẬN (VNĐ) | H4: BIÊN LỢI NHUẬN | K4: SỐ ĐƠN HOÀN THÀNH
B5: =SUM('Dữ liệu sạch'!$W$2:$W$201) -> 346260650 | E5: =SUM('Dữ liệu sạch'!$X$2:$X$201) -> 131000650 | H5: =IF(B5=0,0,E5/B5) -> 0.37832959 | K5: =COUNTIF('Dữ liệu sạch'!$R$2:$R$201,"Hoàn thành") -> 176
B7: GIÁ TRỊ ĐƠN TRUNG BÌNH (VNĐ) | E7: TỶ LỆ HỦY / HOÀN TRẢ | H7: SỐ KHÁCH HÀNG CÓ MUA | K7: TĂNG TRƯỞNG DOANH THU Q4 SO VỚI Q1
B8: =IF(K5=0,0,B5/K5) -> 1967390.1 | E8: =COUNTIF('Dữ liệu sạch'!$R$2:$R$201,"<>Hoàn thành")/COUNTA('Dữ liệu sạch'!$A$2:$A$201) -> 0.12 | H8: ='PT Khách hàng - NV'!B35 -> 59 | K8: =IF('PT Thời gian'!C23=0,0,'PT Thời gian'!C26/'PT Thời gian'!C23-1) -> 0.57218941

Sheet Insight - Đề xuất
A4: A. Phát hiện chính và đề xuất
A5: STT | B5: Chủ đề | C5: Phát hiện (từ dữ liệu) | D5: Đề xuất hành động
A6: 1 | B6: Kết quả chung | C6: Doanh thu 346,3 triệu, lợi nhuận 131,0 triệu, biên lợi nhuận 37,8% từ 176 đơn hoàn thành; giá trị đơn trung bình 1,97 triệu. Có 12,0% đơn bị hủy hoặc hoàn trả (24/200 đơn). | D6: Đặt KPI theo dõi hằng tháng: biên LN, giá trị đơn trung bình và tỷ lệ hủy/hoàn trả (đã có sẵn trên Dashboard).
A7: 2 | B7: Xu hướng theo thời gian | C7: Quý 4 cao nhất (114,3 triệu), tăng 57% so với Quý 1; Quý 2 thấp nhất (63,6 triệu). Tháng 12 là đỉnh (64,6 triệu, 18,6% doanh thu năm), tháng 2 thấp nhất (9,9 triệu). | D7: Chuẩn bị tồn kho và ngân sách quảng cáo trước Quý 4; thiết kế chương trình kích cầu cho Quý 2 và các tháng đầu năm để giảm độ lệch mùa vụ.
A8: 3 | B8: Danh mục sản phẩm | C8: Thời trang dẫn đầu doanh thu (37,4%, biên 43,7%). Biên cao nhất là Mỹ phẩm (52,0%) nhưng chỉ chiếm 5,6% doanh thu. Điện tử và Gia dụng có biên thấp hơn (32,8% và 32,3%). | D8: Đẩy bán chéo Mỹ phẩm cùng đơn Thời trang; đàm phán lại giá vốn hoặc tối ưu giá bán nhóm Điện tử, Gia dụng.
A9: 4 | B9: Sản phẩm chủ lực (Pareto) | C9: Top 5 sản phẩm (Túi xách nữ, Loa thông minh, Nồi chiên không dầu, Giày thể thao, Áo khoác gió) chiếm 59,5% doanh thu. Sản phẩm biên thấp nhất trong top 5: Loa thông minh (30,1%). | D9: Ưu tiên tồn kho và quảng cáo cho nhóm sản phẩm chủ lực; rà soát giá bán hoặc giá vốn của sản phẩm doanh thu cao nhưng biên thấp.
A10: 5 | B10: Chính sách giảm giá | C10: Biên LN giảm dần khi giảm giá sâu hơn: 43,6% (không giảm) → 36,2% (giảm 10%) → 30,2% (giảm 20%). Đơn giảm từ 15% trở lên chiếm 26,1% doanh thu. Tương quan giữa giảm giá và số lượng chỉ r = 0,09, tức giảm giá chưa kéo số lượng mua tăng rõ rệt trong dữ liệu này. | D10: Giới hạn mức giảm tối đa khoảng 10% với khách lẻ; chỉ giảm sâu cho đơn sỉ có số lượng lớn; chạy thử A/B trước khi áp dụng diện rộng.
A11: 6 | B11: Kênh bán và khu vực | C11: Website dẫn đầu (40,1% doanh thu). Đại lý chỉ có 13 đơn nhưng giá trị đơn trung bình 3,80 triệu, cao nhất các kênh. Miền Nam 45,8%, Miền Bắc 42,2%, Miền Trung chỉ 12,0%. | D11: Tăng đầu tư cho Website; mở rộng mạng lưới đại lý để nâng giá trị đơn; thử nghiệm quảng cáo và kho trung chuyển để tăng độ phủ Miền Trung.
A12: 7 | B12: Khách hàng | C12: Khách doanh nghiệp chiếm 20,5% số đơn nhưng 42,6% doanh thu. Với ngưỡng đã giả định, có 10 khách VIP đóng góp 41,2% doanh thu; tỷ lệ khách mua lại (≥ 2 đơn) là 84,7%. | D12: Xây chương trình chăm sóc riêng cho khách VIP và doanh nghiệp (giá sỉ, người phụ trách riêng); gửi ưu đãi mua lại cho khách chỉ mua 1 đơn.
A13: 8 | B13: Nhân viên và vận hành | C13: Trần Quốc Bảo dẫn đầu doanh thu (19,9%), Bùi Thanh Tùng thấp nhất (4,6%). Tỷ lệ hủy/hoàn trả cao nhất thuộc Nguyễn Minh Anh (19,2%). Có 4 đơn thiếu thông tin nhân viên và 4 đơn thiếu kênh bán, cho thấy lỗi nhập liệu. | D13: Rà soát nguyên nhân hủy/hoàn trả ở từng nhân viên; đặt trường Kênh bán và Nhân viên là bắt buộc trong hệ thống nhập đơn; chia sẻ cách làm của nhân viên dẫn đầu.
